At_Ismi;Toplam;Birinci;Ikinci;Ucuncu;Kazanma_Yuzde;Ilk3_Yuzde
MARQUIS LAFAYETTE DB;2;1;0;0;50.0;50.0
DEDEMHAMZAREİS KG DB;1;1;0;0;100.0;100.0
BAY AHMET KG SK;1;0;1;0;0.0;100.0
KERVAN SANCAĞI SK;1;0;0;1;0.0;100.0
ENESBERKE KG K;1;0;0;0;0.0;0.0
HEVSELİM KG K;1;0;0;0;0.0;0.0
KAHRAMAN KG SK;1;0;0;0;0.0;0.0
TOYGARLI KG SK (Koşmaz);1;0;0;0;0.0;0.0
ŞIKTURBO KG DB SK;1;1;0;0;100.0;100.0
AZİMLİ KG;1;0;1;0;0.0;100.0
ÇAĞLAYAN DENİZ KG DB SK;1;0;0;1;0.0;100.0
EYYAMI BAHUR KG;1;0;0;0;0.0;0.0
AKSÖZ SK;1;0;0;0;0.0;0.0
LAZFATİH KG SK;1;0;0;0;0.0;0.0
BABADENİZ KG K DB;1;0;0;0;0.0;0.0
SİDAR BEY KG K DB;1;0;0;0;0.0;0.0
TRAKUS KG K;1;0;0;0;0.0;0.0
DİNAMİT KG K DB;1;0;0;0;0.0;0.0
AZER IN MY HEART KG DB SK;1;1;0;0;100.0;100.0
ÇAĞLAR TAY KG DB;1;0;1;0;0.0;100.0
NECMİ BABA KG DB SK;1;0;0;1;0.0;100.0
IRMAK SU KG DB SK GKR;1;0;0;0;0.0;0.0
ORÇUNTAY SK;1;0;0;0;0.0;0.0
BÜYÜK YÜREKLİ KG;1;0;0;0;0.0;0.0
FIRTINA BEY DB;1;0;0;0;0.0;0.0
KADER GÜCÜ KG DB SK;1;0;0;0;0.0;0.0
İSKİT ALP KG K;1;0;0;0;0.0;0.0
ŞİRİNMİŞİRİN;1;0;0;0;0.0;0.0
ERDİ BEY;1;0;0;0;0.0;0.0
ERKURT KG K DB;1;0;0;0;0.0;0.0
KAYIP İNCİ DB SKG SK;1;0;0;0;0.0;0.0
MUCİT TAY SK;1;0;0;0;0.0;0.0
KAYALARIN ŞAHI KG DB SK;1;0;0;0;0.0;0.0
KEŞHANLI KG SK;1;1;0;0;100.0;100.0
ÖMER EYÜP KG DB SK;1;0;1;0;0.0;100.0
KASIRGA BEY KG DB SK;1;0;0;1;0.0;100.0
RİBARO SK;1;0;0;0;0.0;0.0
İLBARS KG SK GKR;1;0;0;0;0.0;0.0
ÇELİK PARÇASI KG K DB;1;0;0;0;0.0;0.0
ÇETİNYEL KG SK;1;0;0;0;0.0;0.0
DİLMAKIZ SK;1;0;0;0;0.0;0.0
SARITAHA KG;1;0;0;0;0.0;0.0
BEYPARS KG DB SK;1;0;0;0;0.0;0.0
YETİMABLA KG DB SK;1;0;0;0;0.0;0.0
ULUBOYLU KG K;1;0;0;0;0.0;0.0
ŞEKER ADAM;1;0;0;0;0.0;0.0
GÖNÜLGÜMBÜR KG SK;1;0;0;0;0.0;0.0
ŞENBEYİM K DB;1;0;0;0;0.0;0.0
SADIKEFE KG SK;1;0;0;0;0.0;0.0
GIRALAMO KG SK;1;1;0;0;100.0;100.0
ASPENDİP KG K DB;1;0;1;0;0.0;100.0
KALİ STRATA SK;1;0;0;1;0.0;100.0
ŞEKER ASLAN K DB;1;0;0;0;0.0;0.0
GANİİY K DB;1;0;0;0;0.0;0.0
WINNING DRAGON KG SK;1;0;0;0;0.0;0.0
MANIFEST K;1;0;0;0;0.0;0.0
EL REY ESCORPİON SK;1;0;0;0;0.0;0.0
DOKUZ MART K;1;0;0;0;0.0;0.0
INEVITABLE DB SK;1;1;0;0;100.0;100.0
MOUNTAIN DB SKG SK;1;0;1;0;0.0;100.0
PATRICK STAR KG K DB;1;0;0;1;0.0;100.0
MANGUSTA DB SK;1;0;0;0;0.0;0.0
CAZATOR DE OSOS SK;1;0;0;0;0.0;0.0
ALTINSİMA KG DB SK;1;0;0;0;0.0;0.0
ALBAYRAK DB SKG SK;1;0;0;0;0.0;0.0
NART ATEŞİ K DB SK;1;0;0;0;0.0;0.0
ZAGROS RÜZGARI K DB (Koşmaz);1;0;0;0;0.0;0.0
MR NALÇAKAN DB SKG SK;1;0;1;0;0.0;100.0
ATOMIC CAT KG K DB;1;0;0;1;0.0;100.0
STEEL HAWK KG DB SK;1;0;0;0;0.0;0.0
HAWORTH KG K;1;0;0;0;0.0;0.0
EL LORD SKG SK ÖG;1;0;0;0;0.0;0.0
LUKA MAGIC KG DB SK;1;0;0;0;0.0;0.0
MİHRE EVA KG DB SK (Koşmaz);1;0;0;0;0.0;0.0
ANKARA GÜZELİ KG K;1;1;0;0;100.0;100.0
GÜNEŞMİLA KG K;1;0;1;0;0.0;100.0
ŞEKER İNCİ KG DB SK;1;0;0;1;0.0;100.0
ÇİRKİN VE GÜZEL KG SK;1;0;0;0;0.0;0.0
SEVGİNUR KG K;1;0;0;0;0.0;0.0
AKGÜL HANIM KG SK;1;0;0;0;0.0;0.0
ARKAZGÜLÜ KG SK;1;0;0;0;0.0;0.0
ATEŞ KUŞLARI KG SK;1;0;0;0;0.0;0.0
KIZILKULE KG;1;0;0;0;0.0;0.0
ÇENGER KG DB SK;1;0;0;0;0.0;0.0
GÜLGÜLAY KG K;1;0;0;0;0.0;0.0
OKAYGÜN KG;1;0;0;0;0.0;0.0
AKBURÇAK KG DB SK;1;0;0;0;0.0;0.0
İKLİMECE KG SK;1;0;0;0;0.0;0.0
YALINTAY KG K (Koşmaz);1;0;0;0;0.0;0.0
TORUN SADA KG SK (Koşmaz);1;0;0;0;0.0;0.0
PARLAK ELMAS KG K (Koşmaz);1;0;0;0;0.0;0.0
UYGURKIZI KG K (Koşmaz);1;0;0;0;0.0;0.0
EL QUİMİCO;1;1;0;0;100.0;100.0
MAKE FUN OF SK;1;0;1;0;0.0;100.0
HARP K;1;0;0;1;0.0;100.0
EXCLUSIVE STAR K DB;1;0;0;0;0.0;0.0
MY STAR GIRL K DB SKG;1;0;0;0;0.0;0.0
VICTOR OSIM KG K DB;1;0;0;0;0.0;0.0
HAIL TO PRINCESS K SKG;1;0;0;0;0.0;0.0
SIR POTTER KG K (Koşmaz);1;0;0;0;0.0;0.0
FINALLY IDYLL K DB;1;0;0;0;0.0;0.0
HIZLI ÇOCUK KG DB GKR;1;1;0;0;100.0;100.0
DEMİRKARDEŞLER KG DB SK;1;0;1;0;0.0;100.0
ROCK IRON DB;1;0;0;1;0.0;100.0
SER ŞÖVALYE KG DB SK;1;0;0;0;0.0;0.0
GREEN MILE KG DB SK;1;0;0;0;0.0;0.0
UFKUN ÖTESİ DB;1;0;0;0;0.0;0.0
İLBAN BEYİ KG DB SK;1;0;0;0;0.0;0.0
TATMAR BEY K;1;0;0;0;0.0;0.0
ŞİRİN DE FAUST KG DB SK;1;0;0;0;0.0;0.0
ROCK FOR EVER KG SK;1;1;0;0;100.0;100.0
KING FERİT DB SK;1;0;1;0;0.0;100.0
LA COPA K;1;0;0;1;0.0;100.0
FIRE AT WILL DB SKG SK;1;0;0;0;0.0;0.0
SECRET SAVER KG K DB;1;0;0;0;0.0;0.0
KARA AYHAN K DB;1;1;0;0;100.0;100.0
GÜNMETE DB SK;1;0;1;0;0.0;100.0
GÜMBÜR ŞAH KG K;1;0;0;1;0.0;100.0
ÇİÇEK TOHUMU KG DB SK;1;0;0;0;0.0;0.0
SANCARLI BEY KG K DB;1;0;0;0;0.0;0.0
BAŞ FEDAİ KG DB SK;1;0;0;0;0.0;0.0
OĞUL ÇINAR KG K DB;1;0;0;0;0.0;0.0
KAZDAĞI EFESİ;1;0;0;0;0.0;0.0
KAYATEĞİN KG SK;1;0;0;0;0.0;0.0
BABA ENİS KG SK;1;0;0;0;0.0;0.0
ELMAPINAR KG K DB;1;0;0;0;0.0;0.0
EMİRHAT KG DB SK (Koşmaz);1;0;0;0;0.0;0.0
ÖZTAMER KG DB SK;1;1;0;0;100.0;100.0
AVCI OĞLUM KG SK;1;0;1;0;0.0;100.0
SULTAN NENE KG SK;1;0;0;1;0.0;100.0
SAPANCA AĞASI KG DB SK;1;0;0;0;0.0;0.0
SEMEND BATUR KG DB SK;1;0;0;0;0.0;0.0
KIRMÜJDE DB SK;1;0;0;0;0.0;0.0
YAMAÇ RÜZGARI KG;1;0;0;0;0.0;0.0
ÇELİKMAVİ KG DB;1;0;0;0;0.0;0.0
YETİM İBRAHİM KG DB SK GKR;1;0;0;0;0.0;0.0
DAMLA SUYU KG DB;1;0;0;0;0.0;0.0
DERYADİL DB SKG SK;1;0;0;0;0.0;0.0
BALMELDA KG DB SK;1;0;0;0;0.0;0.0
ESKİ TOPRAK DB SKG SK;1;0;0;0;0.0;0.0
KÖKŞUBAR KG DB;1;0;0;0;0.0;0.0
YAĞIZHANBEY DB;1;0;0;0;0.0;0.0
EUROFIGHTER KG DB SK;1;1;0;0;100.0;100.0
MISS CALIFORNIA KG K;1;0;1;0;0.0;100.0
BOLD RUNNER K SKG;1;0;0;1;0.0;100.0
QUİEREME KG DB SK;1;0;0;0;0.0;0.0
PERSONA NON GRATA KG DB SK;1;0;0;0;0.0;0.0
MADORA SK ÖG SGKR;1;0;0;0;0.0;0.0
MERTİM PEHLİVANIM KG DB SK;1;0;0;0;0.0;0.0
PARSİS DB SKG SK;1;0;0;0;0.0;0.0
PHANTOM RULER SK;1;0;0;0;0.0;0.0
LOVİBOND DB SK;1;1;0;0;100.0;100.0
CHAIRMAN DB SKG SK;1;0;1;0;0.0;100.0
LION PEKAN SKG SK;1;0;0;1;0.0;100.0
CESİ AFFETMEZ DB;1;0;0;0;0.0;0.0
STAR MY BEST SKG SK;1;0;0;0;0.0;0.0
SUPER CHIRON DB SK;1;0;0;0;0.0;0.0
ARAMİTH DB SK;1;0;0;0;0.0;0.0
STAR AHLAS K DB SKG;1;0;0;0;0.0;0.0
RICO PASHA KG SK;1;1;0;0;100.0;100.0
LORD OF THE WOLF DB SK;1;0;1;0;0.0;100.0
BAY LEMİ DB SK;1;0;0;1;0.0;100.0
ÇAVDARLI DB SKG SK;1;0;0;0;0.0;0.0
CROWNED DB SK;1;0;0;0;0.0;0.0
FORTUNELLO SKG SK;1;0;0;0;0.0;0.0
THE SNAKE PIT DB SKG SK;1;0;0;0;0.0;0.0
NADUH KG DB SK;1;0;0;0;0.0;0.0
ARKADIOPOLIS DB SK;1;0;0;0;0.0;0.0
SEMENDİN OĞLU KG DB SK;1;1;0;0;100.0;100.0
ŞADİNİN OĞLU KG K DB;1;0;1;0;0.0;100.0
CİMİRİNGO KG SK;1;0;0;1;0.0;100.0
KARSAVURANLI KG DB SK;1;0;0;0;0.0;0.0
MEGAFAUNA KG K;1;0;0;0;0.0;0.0
TANJU BEY KG DB SK GKR;1;0;0;0;0.0;0.0
HIZLI EREN KG K DB;1;0;0;0;0.0;0.0
İRFAN ABİ KG DB SK;1;0;0;0;0.0;0.0
MAVİ LADİN KG SK GKR;1;0;0;0;0.0;0.0
KARA ONUR GKR;1;0;0;0;0.0;0.0
RAHİK KG K;1;0;0;0;0.0;0.0
MADRABAZ YELİ KG DB SK;1;0;0;0;0.0;0.0
ÖZ MİDYATLI KG DB SK;1;0;0;0;0.0;0.0
BİÇERROZA KG SK;1;0;0;0;0.0;0.0
ÇUBUK YILDIZI KG K (Koşmaz);1;0;0;0;0.0;0.0
PAPETTİ KG K;1;1;0;0;100.0;100.0
BABA AKİF KG SK;1;0;1;0;0.0;100.0
DİLEK ABLA KG SK;1;0;0;1;0.0;100.0
HÜSNÜGÜLÜM K;1;0;0;0;0.0;0.0
ZENGHAT KG K;1;0;0;0;0.0;0.0
GÜMÜŞÇELİK KG K;1;0;0;0;0.0;0.0
CORSA KG;1;0;0;0;0.0;0.0
KURUDUT KG K;1;0;0;0;0.0;0.0
EZDAR GÜLÜ KG K;1;0;0;0;0.0;0.0
ÇAYKARA KIZI DB;1;0;0;0;0.0;0.0
GÖNÜL KALESİ KG K;1;0;0;0;0.0;0.0
ÖZAY SILAŞARA KG SK;1;1;0;0;100.0;100.0
STORMY RIVER KG DB SK;1;0;1;0;0.0;100.0
TOWSON KG SK;1;0;0;1;0.0;100.0
KUTUP KIZI SKG SK;1;0;0;0;0.0;0.0
BEYOND THE SEA DB SKG SK;1;0;0;0;0.0;0.0
MY MOON KG SK;1;0;0;0;0.0;0.0
QUIET RIVER SKG SK;1;0;0;0;0.0;0.0
ÖZBEK PRENSESİ KG K DB;1;1;0;0;100.0;100.0
RÜZGARLIHAN KG SK;1;0;1;0;0.0;100.0
BESRİCAN KIZI KG DB SK;1;0;0;1;0.0;100.0
HIZLI MARTI KG SK;1;0;0;0;0.0;0.0
ENESPAŞA KG K;1;0;0;0;0.0;0.0
ROYAL EŞLİ KG SK;1;0;0;0;0.0;0.0
RENGİNKIZ KG K;1;0;0;0;0.0;0.0
PAYZİROBA KG DB SK;1;0;0;0;0.0;0.0
GÜLENYAR;1;0;0;0;0.0;0.0
TİLDA HANIM KG K;1;0;0;0;0.0;0.0
CAN HİLALİM KG SK;1;0;0;0;0.0;0.0
UÇANEMİRHAN KG SK;1;1;0;0;100.0;100.0
BÖRÜTAY DB SK;1;0;1;0;0.0;100.0
SANATKAR KG SK;1;0;0;1;0.0;100.0
TUSTUS TUĞRUL KG SK;1;0;0;0;0.0;0.0
DENİZ KASIRGASI K;1;0;0;0;0.0;0.0
BİZİMSOY KG DB;1;0;0;0;0.0;0.0
ÇILGIN HEME DB SKG SK;1;0;0;0;0.0;0.0
AKSU BABA KG SK;1;0;0;0;0.0;0.0
KARAHIRÇ DB SKG SK;1;0;0;0;0.0;0.0
AZAT BABA K SKG;1;1;0;0;100.0;100.0
PINAR RÜZGARI KG SK;1;0;1;0;0.0;100.0
HAMDİ AĞA DB;1;0;0;1;0.0;100.0
KRAL AHMET KG DB;1;0;0;0;0.0;0.0
GÖZE ÇARPAN;1;0;0;0;0.0;0.0
ÇALIŞTAY KG K DB GKR;1;0;0;0;0.0;0.0
GÖLDERELİ KG;1;0;0;0;0.0;0.0
PERVARİ KG DB SK;1;0;0;0;0.0;0.0
KRALDOĞAN KG SK;1;0;0;0;0.0;0.0
KORKMAZ KARDEŞLER KG DB SK;1;1;0;0;100.0;100.0
SYNDICATION DB SK ÖG;1;0;1;0;0.0;100.0
SINCERO KG DB SK;1;0;0;1;0.0;100.0
BAKTAGÖR DB SK;1;0;0;0;0.0;0.0
NOVA SUN KG K;1;0;0;0;0.0;0.0
ALTUNCAN SKG SK;1;0;0;0;0.0;0.0
THON KHITCHIBA KG SK;1;0;0;0;0.0;0.0
ZOGO AKIN KG DB SK (Koşmaz);1;0;0;0;0.0;0.0
STARŞAH KG K;1;1;0;0;100.0;100.0
BİLDENKIZIM KG K DB;1;0;1;0;0.0;100.0
PİRİM ÖZER KG SK;1;0;0;1;0.0;100.0
EMOHELİL KG K;1;0;0;0;0.0;0.0
İLKBAHAR KIZI KG K DB;1;0;0;0;0.0;0.0
URFA KAPLANI KG K;1;0;0;0;0.0;0.0
VARTUHİM KG K;1;0;0;0;0.0;0.0
YAĞMUR ECE SKG SK;1;0;0;0;0.0;0.0
ÇATALCALI KG SK;1;0;0;0;0.0;0.0
LAVİN DENİZİ KG SK;1;0;0;0;0.0;0.0
ALİZE RÜZGARI;1;0;0;0;0.0;0.0
OĞUZ BAŞKAN SKG SK;1;1;0;0;100.0;100.0
SILENCE OF REALITY DB;1;0;1;0;0.0;100.0
BODEXCEPTIONAL DB SK;1;0;0;1;0.0;100.0
CHİKYU SKG SK;1;0;0;0;0.0;0.0
İŞKODRALI SKG SK;1;0;0;0;0.0;0.0
CHARLIE BROWN KG DB SK;1;0;0;0;0.0;0.0
AFTER LION KG DB SK;1;0;0;0;0.0;0.0
ÜÇNUR K DB;1;0;0;0;0.0;0.0
ÜNLÜ AĞAM KG DB SK;1;0;0;0;0.0;0.0
FANTASTIC FLAME DB SKG SK;1;0;0;0;0.0;0.0
LATİF AĞA KG K DB;1;0;0;0;0.0;0.0
NOBLE CHILD DB SKG SK;1;0;0;0;0.0;0.0
SAVAŞÇI BEDİR KG K;1;1;0;0;100.0;100.0
BARLABEY KG K;1;0;1;0;0.0;100.0
AKSA ASLANI KG K;1;0;0;1;0.0;100.0
LADY BRIDGERTON KG K DB;1;0;0;0;0.0;0.0
ASALET SAHİBİ KG SK;1;0;0;0;0.0;0.0
GÜL MEVSİMİ KG K;1;0;0;0;0.0;0.0
ALAKARTAL KG SK;1;0;0;0;0.0;0.0
DİKKALDIRIM KG SK;1;0;0;0;0.0;0.0
TURQUOİSE KG K;1;0;0;0;0.0;0.0
KRAL KADİR KG K;1;0;0;0;0.0;0.0
KOLAYSA YAKALA KG K;1;0;0;0;0.0;0.0
BARLİN AĞA KG K (Koşmaz);1;0;0;0;0.0;0.0
SAVE YOUR TEARS SK;1;1;0;0;100.0;100.0
SHENRON K;1;0;1;0;0.0;100.0
FLOWING FLOOD KG DB SK;1;0;0;1;0.0;100.0
ALİN ECE K;1;0;0;0;0.0;0.0
YOU AND ME DB SKG SK;1;0;0;0;0.0;0.0
BEAUSOLEIL DB SK;1;0;0;0;0.0;0.0
VASILISA K DB;1;0;0;0;0.0;0.0
RAYNE SK;1;0;0;0;0.0;0.0
TOUCH MY DREAM DB SK (Koşmaz);1;0;0;0;0.0;0.0
BREATHLESS KG K DB;1;1;0;0;100.0;100.0
BIG AVALANCHE DB SK;1;0;1;0;0.0;100.0
MY DEAR DREAM KG DB SK;1;0;0;1;0.0;100.0
ŞEKERKIZ KG DB SK;1;0;0;0;0.0;0.0
BOLUN SK;1;0;0;0;0.0;0.0
EL ALACRAN KG K DB;1;0;0;0;0.0;0.0
DALYA LİNA KG DB SK;1;0;0;0;0.0;0.0
ORAK REİS SKG SK;1;0;0;0;0.0;0.0
FESTIVAL BOUND K;1;0;0;0;0.0;0.0
ATILIMHANIM KG K;1;1;0;0;100.0;100.0
ERAFŞAR KG;1;0;1;0;0.0;100.0
TEKNİKTAKTİK KG K DB;1;0;0;1;0.0;100.0
ABANOZ KG DB;1;0;0;0;0.0;0.0
PAMİRALP KG K;1;0;0;0;0.0;0.0
FIRTINA BİÇEN KG DB SK;1;0;0;0;0.0;0.0
GÜZELÇAMLI KG DB SK;1;0;0;0;0.0;0.0
ŞAH VEYSİ;1;0;0;0;0.0;0.0
DEMİRKAAN SKG SK;1;0;0;0;0.0;0.0
YAĞIZSOY KG K;1;0;0;0;0.0;0.0
DEVRİ EFSANE KG K (Koşmaz);1;0;0;0;0.0;0.0
AYZIT (Koşmaz);1;0;0;0;0.0;0.0
SUPER BERK DB SKG SK;1;1;0;0;100.0;100.0
MONUMENTAL KG DB SK;1;0;1;0;0.0;100.0
DESERT POINT KG K DB;1;0;0;1;0.0;100.0
KAVALA GÜCÜ DB SK;1;0;0;0;0.0;0.0
ERKOÇUM DB SK;1;0;0;0;0.0;0.0
SENKRON KG K;1;0;0;0;0.0;0.0
DİDİ LAZİ DB SK (Koşmaz);1;0;0;0;0.0;0.0
ANZAKLI KG DB;1;0;0;0;0.0;0.0
MIDNIGHT BOURBON DB SKG SK (Koşmaz);1;0;0;0;0.0;0.0
SUICIDE KING KG SK (Koşmaz);1;0;0;0;0.0;0.0
CANMETE KG DB;1;1;0;0;100.0;100.0
MUZATCAN KG K DB;1;0;1;0;0.0;100.0
GÖREME BEYİ KG K GKR;1;0;0;1;0.0;100.0
CANASİLİM KG K DB;1;0;0;0;0.0;0.0
KAŞEMUM KARA KG DB SK GKR;1;0;0;0;0.0;0.0
EL FURAT K;1;0;0;0;0.0;0.0
YAŞARSERAP KG K DB;1;0;0;0;0.0;0.0
ZAGROS ASLANI KG DB;1;0;0;0;0.0;0.0
BÜYÜK MENDERES KG DB;1;0;0;0;0.0;0.0
KARACAHİSAR KG DB;1;0;0;0;0.0;0.0
ATILIMBEYİ KG DB SK (Koşmaz);1;0;0;0;0.0;0.0
TARÇINKIZ DB SK (Koşmaz);1;0;0;0;0.0;0.0
GRAND MISSION KG DB;1;1;0;0;100.0;100.0
ÇİKOK AĞA KG K DB GKR;1;0;1;0;0.0;100.0
KING BORA DB SKG SK;1;0;0;1;0.0;100.0
STELLA GIRL K DB;1;0;0;0;0.0;0.0
İSPANOZ KG K;1;0;0;0;0.0;0.0
WOLF OF PROTI K DB (Koşmaz);1;0;0;0;0.0;0.0
ÖZTATMAR KG K;1;1;0;0;100.0;100.0
HULUSİBEY KG SK;1;0;1;0;0.0;100.0
ÖNALTAY KG K;1;0;0;1;0.0;100.0
SARAYTAY KG K;1;0;0;0;0.0;0.0
ASİLBULUT KG K;1;0;0;0;0.0;0.0
DOMANİÇ BEYİ KG SK;1;0;0;0;0.0;0.0
NARENKA K;1;0;0;0;0.0;0.0
DOSTBAŞAR KG K;1;0;0;0;0.0;0.0
LAVEKAR KG K;1;0;0;0;0.0;0.0
MİNELTAY KG SK;1;0;0;0;0.0;0.0
SERT GÖZ SK;1;0;0;0;0.0;0.0
BİTTER ÇİKOLATA KG DB SK (Koşmaz);1;0;0;0;0.0;0.0
GARİPLERBEYİ KG DB SK;1;1;0;0;100.0;100.0
MADEİRA KG K DB;1;0;1;0;0.0;100.0
BİBA AĞA KG K DB GKR;1;0;0;1;0.0;100.0
NUMANIM KG DB SK;1;0;0;0;0.0;0.0
HUSREV KG SK;1;0;0;0;0.0;0.0
KOCATEPE KG K GKR;1;0;0;0;0.0;0.0
ŞİFNE EFESİ DB SK;1;0;0;0;0.0;0.0
ŞEHNAZ LONGA KG K DB GKR;1;0;0;0;0.0;0.0
AFŞINTAY KG;1;0;0;0;0.0;0.0
ASIL OĞUL KG DB SK;1;0;0;0;0.0;0.0
COŞDUR DB SKG SK;1;0;0;0;0.0;0.0
GÖRKEMLİDAĞ KG K;1;0;0;0;0.0;0.0
BEDİZ DE FAUST DB SKG SK;1;0;0;0;0.0;0.0
SALUKİ KG K DB;1;0;0;0;0.0;0.0
SAFDERUN OĞLU KG DB SK GKR;1;0;0;0;0.0;0.0
SAADINSOYU KG DB SK;1;0;0;0;0.0;0.0
KORHANBEY KG DB;1;0;0;0;0.0;0.0
AYDINEFESİ KG K;1;0;0;0;0.0;0.0
YEŞİL ADA KG SK;1;1;0;0;100.0;100.0
YAMAN ÖZGE SK;1;0;1;0;0.0;100.0
QUEEN HANIM KG K;1;0;0;1;0.0;100.0
HOŞBAKIŞ KG;1;0;0;0;0.0;0.0
ÇİLDUTAY SK;1;0;0;0;0.0;0.0
BALTIMORE KG K;1;0;0;0;0.0;0.0
ELİTEZ K;1;0;0;0;0.0;0.0
ÖZGÜNDEN KG K;1;0;0;0;0.0;0.0
SULTANSU SK;1;0;0;0;0.0;0.0
BALTANKIZ KG K;1;0;0;0;0.0;0.0
KONÇİÇEK SK;1;0;0;0;0.0;0.0
IRMAĞIN GÜLÜ KG DB SK;1;0;0;0;0.0;0.0
GELEVRİ KIZ KG K DB;1;0;0;0;0.0;0.0
LAND OF LEGENDS KG K;1;1;0;0;100.0;100.0
TOGARMA DB SK;1;0;1;0;0.0;100.0
RAYMOND BABBITT K;1;0;0;1;0.0;100.0
MAKİNİST SKG SK;1;0;0;0;0.0;0.0
KADIKÖY BOĞASI;1;0;0;0;0.0;0.0
HİDAN KG K;1;0;0;0;0.0;0.0
ANGEL OF TIME K;1;0;0;0;0.0;0.0
ROYAL TOUCH K DB;1;0;0;0;0.0;0.0
BOLD STEPS SK;1;0;0;0;0.0;0.0
FENGBAO SKG SK;1;0;0;0;0.0;0.0
WADRON;1;0;0;0;0.0;0.0
GAME SAVER KG;1;1;0;0;100.0;100.0
ŞAFAKATEŞ DB SKG SK;1;0;1;0;0.0;100.0
VICTOR THE BRAVE KG K;1;0;0;1;0.0;100.0
ALAMETİ FARİKA K DB;1;0;0;0;0.0;0.0
MR HERMES DB SKG SK;1;0;0;0;0.0;0.0
ZYRA KG SK;1;0;0;0;0.0;0.0
İMPARATOR BİYEDİÇ KG;1;0;0;0;0.0;0.0
DONE THIS DB SK;1;0;0;0;0.0;0.0
YEŞİLKÖYLÜ KG K;1;1;0;0;100.0;100.0
ÇELİK ABİ KG DB SK;1;0;1;0;0.0;100.0
TAYKUTAY KG DB SK;1;0;0;1;0.0;100.0
KÜÇÜKCEVER K;1;0;0;0;0.0;0.0
GÜLALP KIZI DB SK;1;0;0;0;0.0;0.0
İNZİBAT KG SK;1;0;0;0;0.0;0.0
ATARTAY KG GKR;1;0;0;0;0.0;0.0
GAZNELİ KG K DB;1;0;0;0;0.0;0.0
ERSELEFE KG DB SK;1;0;0;0;0.0;0.0
DENİZİM GÜLÜ KG DB SK;1;0;0;0;0.0;0.0
AYTEKİNBEY KG SK;1;0;0;0;0.0;0.0
ZOR ODİN DB;1;0;0;0;0.0;0.0
UMUT DOLU KG K;1;1;0;0;100.0;100.0
ALBASTI TAY KG K;1;0;1;0;0.0;100.0
ADALAR KG K;1;0;0;1;0.0;100.0
YAĞMURCUM K;1;0;0;0;0.0;0.0
ESRİN HATUN SKG SK;1;0;0;0;0.0;0.0
MÜŞKÜLPESENT KG K;1;0;0;0;0.0;0.0
REFİYE KG SK;1;0;0;0;0.0;0.0
ESTEL SK;1;0;0;0;0.0;0.0
AHSURBİKE KG SK;1;0;0;0;0.0;0.0
AYSEL HANIM KG SK;1;0;0;0;0.0;0.0
İCLAL BİKE KG SK;1;0;0;0;0.0;0.0
SITAR OF AKTAŞ KG DB SK;1;0;0;0;0.0;0.0
İVECEN KG DB SK;1;0;0;0;0.0;0.0
ATİLLABEY KG DB;1;1;0;0;100.0;100.0
KRALKARINCA K DB;1;0;1;0;0.0;100.0
JAFAR KG DB SK;1;0;0;1;0.0;100.0
ASLAN YAĞIZ KG K;1;0;0;0;0.0;0.0
EFLAH KG DB;1;0;0;0;0.0;0.0
DAŞ FATİH KG SK;1;0;0;0;0.0;0.0
KARİZMATİK SK;1;0;0;0;0.0;0.0
METİNCİM DB SK;1;0;0;0;0.0;0.0
SAADIN KASIRGASI KG DB;1;0;0;0;0.0;0.0
ALMUTANABİY KG;1;0;0;0;0.0;0.0
ÖZÜDOĞRU KG DB;1;0;0;0;0.0;0.0
GÜROBASI DB SKG SK;1;0;0;0;0.0;0.0
LOWER SPIRIT K;1;1;0;0;100.0;100.0
MR CİNO SK;1;0;1;0;0.0;100.0
BULL MAN KG DB SK;1;0;0;1;0.0;100.0
LOST TREASURE DB SKG SK;1;0;0;0;0.0;0.0
ALAKONT K;1;0;0;0;0.0;0.0
FLASH OVER DB SK;1;0;0;0;0.0;0.0
ÖZGÜNBERK KG DB;1;1;0;0;100.0;100.0
UZUNKÖPRÜ KG DB;1;0;1;0;0.0;100.0
KIZGIN YÜREK KG SK;1;0;0;1;0.0;100.0
FATİH ŞAH;1;0;0;0;0.0;0.0
TUTKUNLAR KG;1;0;0;0;0.0;0.0
MANDAR ABBAS DB SKG SK;1;0;0;0;0.0;0.0
EL ÇİÇEĞİ KG DB SK GKR;1;0;0;0;0.0;0.0
TUNÇYILMAZ KG DB SK;1;0;0;0;0.0;0.0
KURUÇAY DB SKG SK;1;0;0;0;0.0;0.0
YAZASLANI K;1;0;0;0;0.0;0.0
ALTAYBORA K;1;0;0;0;0.0;0.0
START UP K;1;1;0;0;100.0;100.0
TOUCH THE CLOUD;1;0;1;0;0.0;100.0
NOBLE PRINCESS K;1;0;0;1;0.0;100.0
BLACK RUBY;1;0;0;0;0.0;0.0
ACAR TAY KG DB SK;1;0;0;0;0.0;0.0
ASRA İNAT K;1;0;0;0;0.0;0.0
UNREAL ENGINE DB SK;1;0;0;0;0.0;0.0
GIATRES SKG SK;1;0;0;0;0.0;0.0
EAGLE KHAN KG DB SK;1;0;0;0;0.0;0.0
PAREZKAR DB SK;1;0;0;0;0.0;0.0
RACING RAPTURE KG DB SK;1;0;0;0;0.0;0.0
FLINT DB SKG SK;1;0;0;0;0.0;0.0
DAMASKO KG DB SK;1;0;0;0;0.0;0.0
STAR AND MOON KG K;1;0;0;0;0.0;0.0
HÜKÜMLÜ KG SK;1;1;0;0;100.0;100.0
VURGUNHAN KG;1;0;1;0;0.0;100.0
GÜZEL DEFNE SK;1;0;0;1;0.0;100.0
FERATUN KG K;1;0;0;0;0.0;0.0
LİSBOA K;1;0;0;0;0.0;0.0
GÖNÜL SARAYI KG DB SK;1;0;0;0;0.0;0.0
BAHAR ATEŞİ K;1;0;0;0;0.0;0.0
CANSUNUN KIZI KG K;1;0;0;0;0.0;0.0
KARACADAĞ KIZI SK;1;0;0;0;0.0;0.0
REYHANLI GÜZEL KG K;1;0;0;0;0.0;0.0
UÇAN TURBOCU (Koşmaz);1;0;0;0;0.0;0.0
ANGLE RISING KG K;1;1;0;0;100.0;100.0
MERT KHAN KG K DB;1;0;1;0;0.0;100.0
HEARTS PATH DB SKG SK;1;0;0;1;0.0;100.0
BORGA DB SKG SK;1;0;0;0;0.0;0.0
MİR EMRE K;1;0;0;0;0.0;0.0
CHESTA HEDRON KG SK;1;0;0;0;0.0;0.0
SON OF YAŞAR DB SKG SK;1;0;0;0;0.0;0.0
FLYING VISIT KG K DB;1;0;0;0;0.0;0.0
ONE WAY WIND SKG SK;1;0;0;0;0.0;0.0
BİZON SKG SK (Koşmaz);1;0;0;0;0.0;0.0
ENHEDUANNA KG K (Koşmaz);1;0;0;0;0.0;0.0
LUCKY ANGEL DB SK (Koşmaz);1;0;0;0;0.0;0.0
OLGUN VEDAT KG DB;1;1;0;0;100.0;100.0
MENDERES KIZI KG DB SK;1;0;1;0;0.0;100.0
BYCEVHER KG K;1;0;0;1;0.0;100.0
GÜNGELDİ AĞA KG SK;1;0;0;0;0.0;0.0
VETCİHAN KG K;1;0;0;0;0.0;0.0
EMSALLİ ER KG DB;1;0;0;0;0.0;0.0
GÖKÇEKRALİÇE KG DB SK;1;0;0;0;0.0;0.0
ÇUHA GÜLÜ K;1;0;0;0;0.0;0.0
TIĞLIBEY KG DB;1;0;0;0;0.0;0.0
GÖKNAZ ECE KG SKG SK;1;0;0;0;0.0;0.0
PELŞİN KG K DB GKR;1;0;0;0;0.0;0.0
EKİNEZYA SK;1;0;0;0;0.0;0.0
EN BÜYÜK KG SK;1;0;0;0;0.0;0.0
KUZGUNİ YEŞİL K DB (Koşmaz);1;0;0;0;0.0;0.0
HER DAİM KG DB SK;1;1;0;0;100.0;100.0
TUNA ADAM KG K;1;0;1;0;0.0;100.0
CANMERT;1;0;0;1;0.0;100.0
FERAT KG DB SK;1;0;0;0;0.0;0.0
MİRŞEŞEN KG DB SK;1;0;0;0;0.0;0.0
SEHERYELİ KG DB SK;1;0;0;0;0.0;0.0
ÜSTÜNKIZ KG DB SK;1;0;0;0;0.0;0.0
YEDİKARDEŞLER KG SK;1;0;0;0;0.0;0.0
ALMAS K;1;0;0;0;0.0;0.0
DODOKAN KG SK;1;0;0;0;0.0;0.0
YILDIZSAÇAN KG K;1;0;0;0;0.0;0.0
KING OF THE FIELD DB SKG SK;1;1;0;0;100.0;100.0
KING GÖKALP SKG SK;1;0;1;0;0.0;100.0
WARRIOR MAN DB SK;1;0;0;1;0.0;100.0
GİZLİ KAHRAMAN DB SKG SK;1;0;0;0;0.0;0.0
QUEEN SEÇİL KG K;1;0;0;0;0.0;0.0
CASH FOR YOU SKG SK;1;0;0;0;0.0;0.0
SERAHİRA KG DB SK;1;0;0;0;0.0;0.0
ALPHECCA DB SK (Koşmaz);1;0;0;0;0.0;0.0
FRÜHLİNG SK (Koşmaz);1;0;0;0;0.0;0.0
LALOCURA KG SK (Koşmaz);1;0;0;0;0.0;0.0
NAMASTE KG DB SK (Koşmaz);1;0;0;0;0.0;0.0
SERPENÇE KG DB SK;1;1;0;0;100.0;100.0
ZEYBEK YAVUZ KG K;1;0;1;0;0.0;100.0
ODABAŞI DB;1;0;0;1;0.0;100.0
DEMİRHAN TAYI KG DB SK;1;0;0;0;0.0;0.0
SALAMCI HAYRETTİN KG SK;1;0;0;0;0.0;0.0
ASAF BABA KG K;1;0;0;0;0.0;0.0
EPARVEN KG SK;1;0;0;0;0.0;0.0
ATABEYLİ KG;1;0;0;0;0.0;0.0
KIZIL GEZEGEN DB SKG SK;1;0;0;0;0.0;0.0
SEYRET BENİ SKG SK (Koşmaz);1;0;0;0;0.0;0.0
MERKÜT K;1;1;0;0;100.0;100.0
SOSAN ASLANI KG K;1;0;1;0;0.0;100.0
FERİTBATUR KG K;1;0;0;1;0.0;100.0
ÇAKIRDAMLA KG K;1;0;0;0;0.0;0.0
KARANIN OĞLU DB SK;1;0;0;0;0.0;0.0
ROZERİNA KG SK;1;0;0;0;0.0;0.0
FIRTINA VEYSİ KG SK;1;0;0;0;0.0;0.0
EYLÜL GÜZELİ KG DB SK;1;0;0;0;0.0;0.0
ŞİRİSTAN KG;1;0;0;0;0.0;0.0
TUANA KIZI KG K (Koşmaz);1;0;0;0;0.0;0.0
SHINING FORCE SK;1;1;0;0;100.0;100.0
SOLİDO HERMANOS DB SK;1;0;1;0;0.0;100.0
LAMAZİ GOGO DB SKG SK;1;0;0;1;0.0;100.0
PALURİ MAN K;1;0;0;0;0.0;0.0
LAST ISLANDER K DB;1;0;0;0;0.0;0.0
NICOLICA KG DB SK;1;0;0;0;0.0;0.0
EURO POWER KG K;1;0;0;0;0.0;0.0
MON BİJOU KG DB;1;0;0;0;0.0;0.0
MUALLİMBEY DB SKG SK;1;0;0;0;0.0;0.0
HARD LION KG DB SK;1;0;0;0;0.0;0.0
OCEAN EMPIRE K DB;1;0;0;0;0.0;0.0
MERT EFENDİ DB SK (Koşmaz);1;0;0;0;0.0;0.0
KING SHELBY SKG SK (Koşmaz);1;0;0;0;0.0;0.0
ŞEV DB SK (Koşmaz);1;0;0;0;0.0;0.0
NART THE WOLF K DB;1;1;0;0;100.0;100.0
AFTER BURNER KG K DB;1;0;1;0;0.0;100.0
EARTHQUAKE KG SK;1;0;0;1;0.0;100.0
DARKROK KG DB SK;1;0;0;0;0.0;0.0
ZEYREK SK;1;0;0;0;0.0;0.0
MISS ELLEN KG DB SK;1;0;0;0;0.0;0.0
DİREKLİ BEY KG K;1;0;0;0;0.0;0.0
AKERBEY;1;1;0;0;100.0;100.0
BOZKIR YİĞİDİ KG SK;1;0;1;0;0.0;100.0
CEO ENDER KG SK;1;0;0;1;0.0;100.0
ZEYMAY KG SK;1;0;0;0;0.0;0.0
BÜCÜRÜK AKTAŞ KG K;1;0;0;0;0.0;0.0
ZEYTİN DİBİ KG SK;1;0;0;0;0.0;0.0
SEVERBEY KG SK (Koşmaz);1;0;0;0;0.0;0.0
SAMET EFENDİ KG SK;1;1;0;0;100.0;100.0
KUZEYHAN KG DB SK;1;0;1;0;0.0;100.0
SER DAĞYUDAN KG DB SK;1;0;0;1;0.0;100.0
CEZZAR BEY DB SKG SK;1;0;0;0;0.0;0.0
TEYAR KG DB SK;1;0;0;0;0.0;0.0
KETHÜDA KG K;1;0;0;0;0.0;0.0
DEDEBATUR KG SK;1;0;0;0;0.0;0.0
TEKÖZGÜN KG SK;1;0;0;0;0.0;0.0
NEŞET AĞA KG K;1;0;0;0;0.0;0.0
SIBLINGS K;1;1;0;0;100.0;100.0
DENİZARES KG SK;1;0;1;0;0.0;100.0
BABA SÖZDİNLER KG SK;1;0;0;1;0.0;100.0
LAGIOIA KG K;1;0;0;0;0.0;0.0
RUN FOR US KG;1;0;0;0;0.0;0.0
TEMERARIO;1;0;0;0;0.0;0.0
MONOTONIA (Koşmaz);1;0;0;0;0.0;0.0
OKLOHAMA (Koşmaz);1;0;0;0;0.0;0.0
ESTIMATE KG SK;1;1;0;0;100.0;100.0
LADY SEPHORA KG K DB;1;0;1;0;0.0;100.0
STALWART HERA KG DB SK;1;0;0;1;0.0;100.0
LOVE SEA K;1;0;0;0;0.0;0.0
LA JEFA SK ÖG;1;0;0;0;0.0;0.0
REMEMBER LOVE KG SK;1;0;0;0;0.0;0.0
GOOD WIEW GLORY SK;1;1;0;0;100.0;100.0
WHISPER OF VICTORY KG SK;1;0;1;0;0.0;100.0
KARDAHA KG SK;1;0;0;1;0.0;100.0
BESAME MUCHO SKG SK;1;0;0;0;0.0;0.0
PRINCESS BALA K DB;1;0;0;0;0.0;0.0
MY LADY BUG DB SK;1;0;0;0;0.0;0.0
DEEP GIRL K DB;1;0;0;0;0.0;0.0
FORTHCOMING QUEEN KG K;1;0;0;0;0.0;0.0
HIGH HILLS KG SK;1;0;0;0;0.0;0.0
RATTLESNAKE SK;1;1;0;0;100.0;100.0
ÇELÇIRN FIRTINASI KG SK;1;0;1;0;0.0;100.0
SİLÜET KG K;1;0;0;1;0.0;100.0
PRINCESS ALEXANDRA DB SKG SK;1;0;0;0;0.0;0.0
FIRE OF VALERIA KG K;1;0;0;0;0.0;0.0
MAYBE FOR US KG K;1;0;0;0;0.0;0.0
TAFO IS BACK SK (Koşmaz);1;0;0;0;0.0;0.0
MANIAC (Koşmaz);1;0;0;0;0.0;0.0
SELANİK ASLANI KG SK;1;1;0;0;100.0;100.0
NORTH PASHA K DB SKG;1;0;1;0;0.0;100.0
MY CATHERINE DB SK;1;0;0;1;0.0;100.0
EL RIO SKG SK SGKR;1;0;0;0;0.0;0.0
DOĞANTÜRKBEYİ KG SK;1;0;0;0;0.0;0.0
MY STAR DB;1;0;0;0;0.0;0.0
LUPELYAN DB SK;1;0;0;0;0.0;0.0
MY SİXTH SENSE KG DB SK;1;0;0;0;0.0;0.0
MAVİ TOPAZ SK;1;0;0;0;0.0;0.0
TURBO FANI KG DB SK;1;0;0;0;0.0;0.0
BLUE QUEEN KG SK;1;0;0;0;0.0;0.0
FREYDIS KG K DB;1;1;0;0;100.0;100.0
LADY MELIAN K ÖG;1;0;1;0;0.0;100.0
ZENITH SKY KG DB SK;1;0;0;1;0.0;100.0
CASHOUT DB SK;1;0;0;0;0.0;0.0
ROYAL CIPHER K DB;1;0;0;0;0.0;0.0
ALTYN ORDA KG DB SK;1;0;0;0;0.0;0.0
DATÇA RÜZGARI DB SK;1;0;0;0;0.0;0.0
PARSALI MİRAY KG K;1;0;0;0;0.0;0.0
GİZEMLİ DAMLA KG K;1;0;0;0;0.0;0.0
İLK HEYECAN SK;1;0;0;0;0.0;0.0
SHADOW STYLE K DB (Koşmaz);1;0;0;0;0.0;0.0
SPECIAL STAR DB SK (Koşmaz);1;0;0;0;0.0;0.0
SERİNTEPE KG DB SK;1;1;0;0;100.0;100.0
CESURSOY DB SK;1;0;1;0;0.0;100.0
OĞUL FATİH KG DB SK;1;0;0;1;0.0;100.0
TAMERKIZ SK;1;0;0;0;0.0;0.0
EGE KARTALI KG DB SK;1;0;0;0;0.0;0.0
DEMİRNAL KG DB SK;1;0;0;0;0.0;0.0
DATCA DB SKG SK;1;0;0;0;0.0;0.0
TAM YOL KG K;1;0;0;0;0.0;0.0
JINIRAL DB SKG SK;1;0;0;0;0.0;0.0
DİLBERHATUN KG DB SK GKR ÖG;1;0;0;0;0.0;0.0
AKSELBEYİM KG DB;1;0;0;0;0.0;0.0
LOTUS EMİNE K DB;1;0;0;0;0.0;0.0
MAVİGÖZ KG SK;1;0;0;0;0.0;0.0
GÖKHİSAR KG K DB (Koşmaz);1;0;0;0;0.0;0.0
QUEEN TUANA KG K;1;1;0;0;100.0;100.0
NURBADEM K DB SK;1;0;1;0;0.0;100.0
POP ART KG K;1;0;0;1;0.0;100.0
BLUE STRAWBERRY DB SKG SK;1;0;0;0;0.0;0.0
NOOR IRON KG K DB;1;0;0;0;0.0;0.0
FIELD SPARK KG K;1;0;0;0;0.0;0.0
NICE COLT KG K DB;1;0;0;0;0.0;0.0
DUBLIN DREAM KG DB SK;1;0;0;0;0.0;0.0
AGENT OF INFLUENCE KG K;1;0;0;0;0.0;0.0
EXCEPTIONAL KG K GKR;1;0;0;0;0.0;0.0
CROWN SENTINEL KG DB SK (Koşmaz);1;0;0;0;0.0;0.0
THE ADMIRAL SK;1;1;0;0;100.0;100.0
CAPTAIN ROVER DB;1;0;1;0;0.0;100.0
BELLA MARE DB SK;1;0;0;1;0.0;100.0
MUĞLALI ADNAN DB SKG SK;1;0;0;0;0.0;0.0
BLACK GALAXY DB SK;1;0;0;0;0.0;0.0
ERDUMAN SK;1;0;0;0;0.0;0.0
KEEN EYE KG K DB;1;0;0;0;0.0;0.0
BORN FOR GLORY SKG SK;1;0;0;0;0.0;0.0
MİRALAYIM DB SKG SK;1;0;0;0;0.0;0.0
THUNDER JEST KG K (Koşmaz);1;0;0;0;0.0;0.0
BEULIEU KG K DB (Koşmaz);1;0;0;0;0.0;0.0
LA BOMBONERA KG K DB (Koşmaz);1;0;0;0;0.0;0.0
MURATIN KIZI SK (Koşmaz);1;0;0;0;0.0;0.0
MODİGLİANİ K DB (Koşmaz);1;0;0;0;0.0;0.0
KAYA DÜNYASI KG DB SK GKR;1;1;0;0;100.0;100.0
ESMERDAĞ DB YP;1;0;1;0;0.0;100.0
SARSALA KG DB SK;1;0;0;1;0.0;100.0
SAMSAT DB SKG SK;1;0;0;0;0.0;0.0
ARLİNHAN KG DB SK;1;0;0;0;0.0;0.0
ÖZGÜLEN GÜZELİ KG K;1;0;0;0;0.0;0.0
YARENYAR KG K DB;1;0;0;0;0.0;0.0
BORZEMİR KG DB SK GKR;1;0;0;0;0.0;0.0
TUNA KALESİ DB SK;1;0;0;0;0.0;0.0
MUŞLİ KG DB SK;1;0;0;0;0.0;0.0
KAFKASLIŞAH KG DB SK;1;0;0;0;0.0;0.0
AKGÜNEY KG DB SK;1;0;0;0;0.0;0.0
BOĞUŞLU KG SK;1;0;0;0;0.0;0.0
MİKSER KG DB SK (Koşmaz);1;0;0;0;0.0;0.0
BRAVE ORPHAN KG;1;1;0;0;100.0;100.0
FROST CAT KG DB SK;1;0;1;0;0.0;100.0
BOB VALDES;1;0;0;1;0.0;100.0
ÖNDERBEYİM KG K;1;0;0;0;0.0;0.0
CREATIVE MIND DB SKG SK;1;0;0;0;0.0;0.0
RING RANG RONG KG K DB GKR;1;0;0;0;0.0;0.0
LAST FORCE KG K GKR;1;0;0;0;0.0;0.0
SAİTAMA KG DB SK;1;0;0;0;0.0;0.0
MİGRAKOM BEYİ DB SKG SK;1;0;0;0;0.0;0.0
ŞİMŞEKKIRAN KG DB SK;1;1;0;0;100.0;100.0
GÜLERYÜZ KG K;1;0;1;0;0.0;100.0
KIRKLAR DAĞI KG DB SK;1;0;0;1;0.0;100.0
JÖN ROME K;1;0;0;0;0.0;0.0
KIVILCIM ATEŞİ KG DB;1;0;0;0;0.0;0.0
FREE BLOOD KG K DB;1;0;0;0;0.0;0.0
UĞURLU YILDIZ DB SK;1;0;0;0;0.0;0.0
EXIREL K DB;1;1;0;0;100.0;100.0
ÇİFTÇİ STELLA KG DB SK SGKR;1;0;1;0;0.0;100.0
HALEP MEKTUBU DB;1;0;0;1;0.0;100.0
CALL TO WARRIOR KG DB SK;1;0;0;0;0.0;0.0
KIZIL ANKA SK;1;0;0;0;0.0;0.0
ARMENİN KIZI;1;0;0;0;0.0;0.0
QUICKSTEP QUEEN KG K DB;1;0;0;0;0.0;0.0
GÜLFEM HATUN KG SK;1;0;0;0;0.0;0.0
POWER OF SISTERS DB SKG SK;1;0;0;0;0.0;0.0
CAT WOMAN KG K DB ÖG (Koşmaz);1;0;0;0;0.0;0.0
FOOTSTEP KG K DB SK ÖG (Koşmaz);1;0;0;0;0.0;0.0
HOLLABACK GIRL KG DB SK (Koşmaz);1;0;0;0;0.0;0.0
BLUE REFLECTION KG DB;1;1;0;0;100.0;100.0
BAHİSÇİ DB SKG SK;1;0;1;0;0.0;100.0
LODATO SKG SK;1;0;0;1;0.0;100.0
WINGS OF FREEDOM DB SK;1;0;0;0;0.0;0.0
COOL POWER DB SKG SK;1;0;0;0;0.0;0.0
LAST STROM DB SK;1;0;0;0;0.0;0.0
LE ROI DANSE DB SK;1;0;0;0;0.0;0.0
GLORIOUS LIFE KG DB SK;1;0;0;0;0.0;0.0
GULAZER SK;1;0;0;0;0.0;0.0
RÜTBESİZ KG DB SK;1;0;0;0;0.0;0.0
MERCİA KG K DB;1;0;0;0;0.0;0.0
LITTLE BATTLER KG K;1;0;0;0;0.0;0.0
SİYAH KRAL SKG SK;1;0;0;0;0.0;0.0
MASLOVA DB SK;1;0;0;0;0.0;0.0
DOĞU ASLANI DB SKG SK;1;0;0;0;0.0;0.0
TIMELESS KG K DB (Koşmaz);1;0;0;0;0.0;0.0
CAZGIR YAŞAR KG SK;1;1;0;0;100.0;100.0
AKBELHAN KG DB SK;1;0;1;0;0.0;100.0
ATEŞ REİSİ KG K;1;0;0;1;0.0;100.0
GÖKTUĞTAY KG;1;0;0;0;0.0;0.0
EGETAY KG GKR;1;0;0;0;0.0;0.0
TAŞUCU KG DB;1;0;0;0;0.0;0.0
ÇELİKGİLLER KG K DB;1;0;0;0;0.0;0.0
ÖZGÜNALP KG;1;0;0;0;0.0;0.0
OLGUNADAM KG DB SK;1;0;0;0;0.0;0.0
LE PATRON KG SK;1;0;0;0;0.0;0.0
SİYAH PENÇE DB SKG SK;1;0;0;0;0.0;0.0
BİLETÇİ KIZ KG DB;1;1;0;0;100.0;100.0
SAADGIRL KG DB SK;1;0;1;0;0.0;100.0
HAYATIMINCANI KG DB SK;1;0;0;1;0.0;100.0
LUSİA KG K;1;0;0;0;0.0;0.0
SUBİKE KG DB;1;0;0;0;0.0;0.0
ATEŞİM KG DB SK;1;0;0;0;0.0;0.0
MÜREKKEP YÜREK DB SK;1;0;0;0;0.0;0.0
NERGİZLİ KG K;1;0;0;0;0.0;0.0
FIRATIN GÜCÜ KG K;1;0;0;0;0.0;0.0
O BİR ÇELİK KG K;1;1;0;0;100.0;100.0
İNEBOLU SKG SK;1;0;1;0;0.0;100.0
AKTAŞKAYA KG SK;1;0;0;1;0.0;100.0
ESİNİN KIZI SK;1;0;0;0;0.0;0.0
HIZLI VEYSEL KG K GKR;1;0;0;0;0.0;0.0
ÖZTEKBEY KG SK;1;0;0;0;0.0;0.0
MAVİ ŞAFAK KG DB SK;1;0;0;0;0.0;0.0
AVCITOKOÇİN SKG SK;1;0;0;0;0.0;0.0
MY FEARLESS SON;1;1;0;0;100.0;100.0
VOLITIVO KG SK;1;0;1;0;0.0;100.0
BAY CAVALLO DB SK;1;0;0;1;0.0;100.0
CRACKAJACK KG K DB SGKR;1;0;0;0;0.0;0.0
CLARISSA KG SK;1;0;0;0;0.0;0.0
RED KIT KG;1;0;0;0;0.0;0.0
TALEBE KG K;1;0;0;0;0.0;0.0
HEYBETLİLER DB;1;0;0;0;0.0;0.0
LEGACY OF HENRY DB SK;1;0;0;0;0.0;0.0
DANCING KING SKG SK;1;0;0;0;0.0;0.0
HAÇOVALI KG K;1;0;0;0;0.0;0.0
ANGEL KISS K;1;0;0;0;0.0;0.0
ULAN METİN SK;1;0;0;0;0.0;0.0
ALA MASTER;1;0;0;0;0.0;0.0
BRILLIANCE SK;1;0;0;0;0.0;0.0
WILDBERRY DB SK (Koşmaz);1;0;0;0;0.0;0.0
PIHA K;1;1;0;0;100.0;100.0
VINTAGE K;1;0;1;0;0.0;100.0
LOCO SUGAR SK;1;0;0;1;0.0;100.0
VERAGORN SK;1;0;0;0;0.0;0.0
LA HIGUERA DB SK;1;0;0;0;0.0;0.0
KHIOS SKG SK;1;0;0;0;0.0;0.0
BOUNDLESS POWER KG K DB;1;0;0;0;0.0;0.0
LUNA ESTRELLA DB;1;0;0;0;0.0;0.0
QUEEN OF ALBANY KG DB;1;0;0;0;0.0;0.0
DEJAME SK;1;0;0;0;0.0;0.0
DOLCE MARE SK;1;0;0;0;0.0;0.0
RUN LOLA RUN KG DB SK;1;0;0;0;0.0;0.0
LADY NALÇAKAN K;1;0;0;0;0.0;0.0
CENTURIES VICTORY KG K DB;1;0;0;0;0.0;0.0
AMMAYAMAN SK;1;1;0;0;100.0;100.0
EL GLADIADOR KG K DB;1;0;1;0;0.0;100.0
LAUREATE DB SKG SK;1;0;0;1;0.0;100.0
POWER OF HAKEEM DB SK;1;0;0;0;0.0;0.0
MAKE A FIRE DB SKG SK;1;0;0;0;0.0;0.0
BANDOLERO KG DB SK;1;0;0;0;0.0;0.0
GREY GHOST KG DB SK;1;0;0;0;0.0;0.0
WHIZBANG K;1;1;0;0;100.0;100.0
SILENT TREATMENT KG SK;1;0;1;0;0.0;100.0
DIRE WOLF SK;1;0;0;1;0.0;100.0
JOYFUL FOREVER K DB;1;0;0;0;0.0;0.0
SNOW LEOPARD SK;1;0;0;0;0.0;0.0
TENDÜREK SK;1;0;0;0;0.0;0.0
DARK VEYRON KG K;1;0;0;0;0.0;0.0
LINARES K SKG SK;1;0;0;0;0.0;0.0
BRISBANE;1;0;0;0;0.0;0.0
STEEL STRONG KG DB SK;1;0;0;0;0.0;0.0
MARCO KING DB SK;1;0;0;0;0.0;0.0
GOLDRAKHAN DB (Koşmaz);1;0;0;0;0.0;0.0
TRUE BLUE K DB SKG (Koşmaz);1;0;0;0;0.0;0.0
SHE IS APPROVED K DB SK;1;1;0;0;100.0;100.0
SHIROKE DB SK;1;0;1;0;0.0;100.0
HILLS OF SPIRIT K;1;0;0;1;0.0;100.0
WAITING A SUNNYDAY KG K DB;1;0;0;0;0.0;0.0
KÖMÜR HANIM K DB;1;0;0;0;0.0;0.0
ZELUCCİ SK;1;0;0;0;0.0;0.0
SECRET IMAGE DB SK;1;0;0;0;0.0;0.0
BODE A WINNER K;1;0;0;0;0.0;0.0
OKYANUS İNCİSİ SK;1;0;0;0;0.0;0.0
CRAZY TİZ KG K DB;1;0;0;0;0.0;0.0
ARNAVUT KIZ K DB;1;0;0;0;0.0;0.0
SUN GODDESS DB SK;1;0;0;0;0.0;0.0
FLYING JO K DB;1;0;0;0;0.0;0.0
MARISCAL KG K DB GKR (Koşmaz);1;0;0;0;0.0;0.0
THIS CHARMING MAN KG K;1;1;0;0;100.0;100.0
TALİPHAN BEY;1;0;1;0;0.0;100.0
PATRONA HOLİ DB;1;0;0;1;0.0;100.0
PRINCE VINCE KG K;1;0;0;0;0.0;0.0
TANER ABİ K;1;0;0;0;0.0;0.0
KING MAHİR KG K;1;0;0;0;0.0;0.0
BOREAL;1;0;0;0;0.0;0.0
GLONASS KG DB SK;1;0;0;0;0.0;0.0
SHAREHOLDER KG DB SK;1;0;0;0;0.0;0.0
MY FOUNTAIN KG K DB;1;0;0;0;0.0;0.0
KİKAZARU DB SKG SK;1;0;0;0;0.0;0.0
ANGEL AT WAR K DB;1;0;0;0;0.0;0.0
WELLERMAN K;1;0;0;0;0.0;0.0
REYWU K;1;0;0;0;0.0;0.0
BLUE STAR KG K DB;1;0;0;0;0.0;0.0
FERDANENİN OĞLU KG K;1;0;0;0;0.0;0.0
HAŞARI SK YP (Koşmaz);1;0;0;0;0.0;0.0
BLIZZARD SK;1;1;0;0;100.0;100.0
MY BOY GÖKSU K;1;0;1;0;0.0;100.0
HEVSEL SKG SK;1;0;0;1;0.0;100.0
BLUEBACK KG SK;1;0;0;0;0.0;0.0
TM BATAILE SK;1;0;0;0;0.0;0.0
KERPETEN DB SK;1;0;0;0;0.0;0.0
KINGS OF COUNTRIES SK;1;0;0;0;0.0;0.0
BABA BATTAL KG DB SK (Koşmaz);1;0;0;0;0.0;0.0
SILENT TOUCH SKG SK (Koşmaz);1;0;0;0;0.0;0.0
ÖZERDEM DB;1;1;0;0;100.0;100.0
TERCAN HAN K DB;1;0;1;0;0.0;100.0
KESTENOĞLU KG DB SK;1;0;0;1;0.0;100.0
MÜZEYYEN ABLA DB;1;0;0;0;0.0;0.0
PRENS CORA KG;1;0;0;0;0.0;0.0
KAŞMİR TAY KG DB SK;1;0;0;0;0.0;0.0
BUZMAN KG K;1;0;0;0;0.0;0.0
KURŞUNİLİ KG K;1;0;0;0;0.0;0.0
SİNSİNATEŞİ K;1;0;0;0;0.0;0.0
SANCAKALAN KG DB SK (Koşmaz);1;0;0;0;0.0;0.0
ANEMON ÇİÇEĞİ KG DB SK (Koşmaz);1;0;0;0;0.0;0.0
İDİLYILDIZ K DB YP (Koşmaz);1;0;0;0;0.0;0.0
BANDIRMALI DB SKG SK (Koşmaz);1;0;0;0;0.0;0.0
THINDER OF SHINE SK;1;1;0;0;100.0;100.0
ASALTIN KG DB SK;1;0;1;0;0.0;100.0
LEJUR KG DB SKG SK;1;0;0;1;0.0;100.0
FOUDROYANT K DB;1;0;0;0;0.0;0.0
CALEDONIE K;1;0;0;0;0.0;0.0
KING PISA KG K DB;1;0;0;0;0.0;0.0
SELLYBOY KG DB SK (Koşmaz);1;0;0;0;0.0;0.0
ZORRO KG DB (Koşmaz);1;0;0;0;0.0;0.0
DRAGON BLUE K DB;1;1;0;0;100.0;100.0
BOCCE DB SKG SK;1;0;1;0;0.0;100.0
KING OF ALİ DB SK;1;0;0;1;0.0;100.0
MİKEA KG DB SK;1;0;0;0;0.0;0.0
FIREWOOD DB SKG SK;1;0;0;0;0.0;0.0
COLTON K;1;0;0;0;0.0;0.0
ALPS FIRE K DB SKG SK;1;0;0;0;0.0;0.0
YAZ KG SK;1;0;0;0;0.0;0.0
GOLDEN APPLE K DB;1;0;0;0;0.0;0.0
ROZERYA DB;1;0;0;0;0.0;0.0
GRAVITY OF LOVE SKG SK (Koşmaz);1;0;0;0;0.0;0.0
ANGEL QUEST K DB (Koşmaz);1;0;0;0;0.0;0.0
SKY CRUISE DB SK (Koşmaz);1;0;0;0;0.0;0.0
DESERT POINT KG K DB (Koşmaz);1;0;0;0;0.0;0.0
LADY CLASSMAN  KG DB SK;1;1;0;0;100.0;100.0
BLUE WAVE SK;1;0;1;0;0.0;100.0
CALIFORNIA FIRE K DB SKG;1;0;0;1;0.0;100.0
KEDİ ÇOCUK KG DB SK;1;0;0;0;0.0;0.0
EMEĞİN KARŞILIĞI KG SK;1;0;0;0;0.0;0.0
BAHRİYELİ ÇİKOK KG DB SK;1;0;0;0;0.0;0.0
LIFE AND LIGHT KG K;1;0;0;0;0.0;0.0
BREAD MONEY DB SKG SK;1;0;0;0;0.0;0.0
KOPAL KG SK;1;0;0;0;0.0;0.0
MY HAZEL EYES DB SK;1;0;0;0;0.0;0.0
ERİKDALI KG DB SK;1;0;0;0;0.0;0.0
SHARP SWORD KG DB SK;1;0;0;0;0.0;0.0
SEVEN SKY ALMİLA SK;1;0;0;0;0.0;0.0
ALL ALONE K DB;1;0;0;0;0.0;0.0
JULYUS KG K;1;0;0;0;0.0;0.0
MODALIEMRE DB SK;1;0;0;0;0.0;0.0
ACOUSTIC SONG SK (Koşmaz);1;0;0;0;0.0;0.0
SERHUNEFE KG DB SK;1;1;0;0;100.0;100.0
HIZLI KEREM KG K;1;0;1;0;0.0;100.0
FİKRET ABİ KG K DB;1;0;0;1;0.0;100.0
ÇİLEK HÜMA DB SK;1;0;0;0;0.0;0.0
FIRTINADAN DOĞAN KG SK;1;0;0;0;0.0;0.0
CEBELTUNA KG K;1;0;0;0;0.0;0.0
AVANOS EFESİ KG DB SK;1;0;0;0;0.0;0.0
ALSAKİB SK;1;0;0;0;0.0;0.0
GÜLEYCANOĞLU KG DB SK;1;0;0;0;0.0;0.0
İLKBEY KG DB SK;1;0;0;0;0.0;0.0
CEVATHAN KG K;1;0;0;0;0.0;0.0
SARI ÖMER KG K DB GKR;1;0;0;0;0.0;0.0
TAKİPSİZ KG DB SK (Koşmaz);1;0;0;0;0.0;0.0
TINASINOĞLU KG K DB (Koşmaz);1;0;0;0;0.0;0.0
FEARLESS DRAGON KG K DB;1;1;0;0;100.0;100.0
CHEROKEE KG K DB;1;0;1;0;0.0;100.0
YOU GOT THIS KG DB SK;1;0;0;1;0.0;100.0
CANFEDA GÜÇLÜBEY KG DB SK;1;0;0;0;0.0;0.0
SİHİRLİ JOVANKA KG DB SK;1;0;0;0;0.0;0.0
SECRET LION KG K DB;1;0;0;0;0.0;0.0
HIGH GROUND K SKG;1;0;0;0;0.0;0.0
GECE İZ KG K DB;1;0;0;0;0.0;0.0
YAĞIZ BİKE KG K DB;1;1;0;0;100.0;100.0
MR FIX KG DB;1;0;1;0;0.0;100.0
YILMAKENAN DB SK;1;0;0;1;0.0;100.0
REBEL MOON KG K;1;0;0;0;0.0;0.0
KIND REGARDS K DB;1;0;0;0;0.0;0.0
VICTORY OR DEATH KG DB SK;1;0;0;0;0.0;0.0
SHAERA K DB;1;0;0;0;0.0;0.0
LEONETTA KG K DB;1;0;0;0;0.0;0.0
ZEKİ REİS KG DB SK;1;0;0;0;0.0;0.0
MYBOYAKIN KG K DB;1;0;0;0;0.0;0.0
MISS HARD KG K DB;1;0;0;0;0.0;0.0
ROYAL BENGAL TIGER K DB;1;0;0;0;0.0;0.0
BATTLE STAR KG DB SK;1;0;0;0;0.0;0.0
BLACK BLAZE KG DB;1;0;0;0;0.0;0.0
PROND OF YOU SKG SK (Koşmaz);1;0;0;0;0.0;0.0
LUPIN K DB (Koşmaz);1;0;0;0;0.0;0.0
BİÇERGİLLER KG K DB;1;1;0;0;100.0;100.0
DEMİRYİĞİT KG DB SK;1;0;1;0;0.0;100.0
ÇUKUROVA EFESİ KG DB SK;1;0;0;1;0.0;100.0
ÜNSALBEYİM KG DB SK;1;0;0;0;0.0;0.0
DERMANCAN KG DB SK;1;0;0;0;0.0;0.0
BAY UTKU KG DB SK;1;0;0;0;0.0;0.0
SULTANBEŞİR SKG;1;0;0;0;0.0;0.0
SANCAR EFESİ KG SK;1;0;0;0;0.0;0.0
ALTIN DOST KG K DB;1;0;0;0;0.0;0.0
BAŞ AKTÖR DB SKG SK;1;0;0;0;0.0;0.0
DILDA KG SK;1;0;0;0;0.0;0.0
ARİFREİS;1;0;0;0;0.0;0.0
ECEDURU DB SK;1;0;0;0;0.0;0.0
TATLIÇAĞ KG DB SK;1;0;0;0;0.0;0.0
HOŞ ESİNTİ SK;1;0;0;0;0.0;0.0
CAN DENİZİM KG K (Koşmaz);1;0;0;0;0.0;0.0
TEKÖMER KG DB SK (Koşmaz);1;0;0;0;0.0;0.0
TOLSTOY KG DB SK (Koşmaz);1;0;0;0;0.0;0.0
ESRABO KG DB (Koşmaz);1;0;0;0;0.0;0.0
TAYKUTUN OĞLU KG DB (Koşmaz);1;0;0;0;0.0;0.0
HEYHAT KG K SK;1;1;0;0;100.0;100.0
CİHAT BEY KG;1;0;1;0;0.0;100.0
METSO KG SK;1;0;0;1;0.0;100.0
OBAĞAÇ KG K;1;0;0;0;0.0;0.0
TAŞKIN KRAL SK;1;0;0;0;0.0;0.0
SERÇE KIZI KG SK;1;0;0;0;0.0;0.0
ÜÇKONAKLI KG DB SK;1;0;0;0;0.0;0.0
SÜPEROĞLAN KG;1;0;0;0;0.0;0.0
HAYDİ BİTANEM SK;1;0;0;0;0.0;0.0
MÜTEVAZİ KIZ KG SK;1;0;0;0;0.0;0.0
ASLANLI OVA K;1;0;0;0;0.0;0.0
İSKENDEROVA KG K GKR;1;0;0;0;0.0;0.0
GÖKTUĞBABA KG SK;1;0;0;0;0.0;0.0
ALCANBERK KG K (Koşmaz);1;0;0;0;0.0;0.0
SERÜVENTAY KG K (Koşmaz);1;0;0;0;0.0;0.0
FAST PILOT DB SK;1;1;0;0;100.0;100.0
İSEN BUGA KG K DB;1;0;1;0;0.0;100.0
ÇEVİK VAKTİ SKG SK;1;0;0;1;0.0;100.0
BERHUDAR DB SK;1;0;0;0;0.0;0.0
DREAM ON KG DB SK;1;0;0;0;0.0;0.0
CHILLI CHARLIE DB SK;1;0;0;0;0.0;0.0
QUEIMADA GRANDE SKG SK;1;0;0;0;0.0;0.0
CHILO SK;1;0;0;0;0.0;0.0
FINALE DUTY KG DB SK;1;0;0;0;0.0;0.0
TAM TIME KG SK;1;1;0;0;100.0;100.0
LION ICARDI SK;1;0;1;0;0.0;100.0
NOBLE STORM KG K;1;0;0;1;0.0;100.0
MY BLACK QUEEN KG K;1;0;0;0;0.0;0.0
BY MUTLU KG K;1;0;0;0;0.0;0.0
KING OF TIME KG DB SK;1;0;0;0;0.0;0.0
KENJI KG DB SK;1;0;0;0;0.0;0.0
MASTER OF RACE DB SK;1;1;0;0;100.0;100.0
VICTORY WALTZ DB SKG SK;1;0;1;0;0.0;100.0
KIZIL ORMAN SK;1;0;0;1;0.0;100.0
THRACE FEVER KG K DB;1;0;0;0;0.0;0.0
BOTANİK BEBEK KG DB SK;1;0;0;0;0.0;0.0
ARASIN ASLANI KG DB SK;1;0;0;0;0.0;0.0
KİNG EDDİE KG DB SK;1;0;0;0;0.0;0.0
MİA STAR DB SK;1;0;0;0;0.0;0.0
PRİNCESA ADA DB SK;1;0;0;0;0.0;0.0
YARIŞ KRALİÇESİ KG K;1;1;0;0;100.0;100.0
HÜRŞAFAK KG K;1;0;1;0;0.0;100.0
DERTSAÇANKIZ KG K;1;0;0;1;0.0;100.0
URFA BEYİ KG SK;1;0;0;0;0.0;0.0
BÜYÜK DESTAN KG SK;1;0;0;0;0.0;0.0
ARKANBERK;1;0;0;0;0.0;0.0
KATI YÜREKLİ DB SK;1;0;0;0;0.0;0.0
KAĞANPU KG K;1;0;0;0;0.0;0.0
KIZIM DAMLA KG K DB;1;0;0;0;0.0;0.0
ENDER ŞOVALYE KG K;1;0;0;0;0.0;0.0
İZGİOĞLU KG K;1;0;0;0;0.0;0.0
SAKAROĞLU KG SK;1;0;0;0;0.0;0.0
GÖKAYKIZ KG K;1;0;0;0;0.0;0.0
KOYUNEVİ ASLANI SKG SK;1;0;0;0;0.0;0.0
YÜKENOĞLU KG K DB;1;0;0;0;0.0;0.0
MANDRAKE SK;1;1;0;0;100.0;100.0
HARDOX KG K DB;1;0;1;0;0.0;100.0
FIRE OF TYGAR KG K DB;1;0;0;1;0.0;100.0
LION TOMO DB;1;0;0;0;0.0;0.0
CALVADOS KG SK;1;0;0;0;0.0;0.0
SERCAN BEY K;1;0;0;0;0.0;0.0
BOZARSLAN KG SK;1;1;0;0;100.0;100.0
TAŞAN DB ÖG;1;0;1;0;0.0;100.0
KUMBEY KG K;1;0;0;1;0.0;100.0
CEVAHİRKAN KG SK;1;0;0;0;0.0;0.0
EDİZBARIŞ KG DB GKR;1;0;0;0;0.0;0.0
SEÇERHAN KG SK;1;0;0;0;0.0;0.0
ABBAS BEY KG K DB;1;0;0;0;0.0;0.0
TAÇYİĞİT KG DB SK;1;0;0;0;0.0;0.0
AŞKARTAY KG DB;1;0;0;0;0.0;0.0
KENT RÜZGARI KG SK ÖG;1;0;0;0;0.0;0.0
END GAME KG K DB;1;0;0;0;0.0;0.0
TURAN YILDIZI SK;1;0;0;0;0.0;0.0
GÜRGÖKBEY KG DB SK;1;1;0;0;100.0;100.0
HOPDEDİK KG K;1;0;1;0;0.0;100.0
ERİŞMİŞ KG GKR;1;0;0;1;0.0;100.0
DELİ UMUT KG DB SK;1;0;0;0;0.0;0.0
ZİDAN KG SK;1;0;0;0;0.0;0.0
DORUKBATUR KG K;1;0;0;0;0.0;0.0
ALŞUBATHAN KG DB SK;1;0;0;0;0.0;0.0
BOĞAZİÇİ BEYİ KG;1;0;0;0;0.0;0.0
CANEYMEN KG;1;0;0;0;0.0;0.0
ZAFER YAĞMURU KG DB SK;1;0;0;0;0.0;0.0
AĞILMUS ASLANI KG K;1;1;0;0;100.0;100.0
SAVAŞÇI K;1;0;1;0;0.0;100.0
KÜÇÜK AZAT KG K;1;0;0;1;0.0;100.0
ÜNAL GÖZ KG K;1;0;0;0;0.0;0.0
SOYKAN GÜZELİ KG SK;1;0;0;0;0.0;0.0
PARSIBEY;1;0;0;0;0.0;0.0
UĞURLU BEBEK KG K DB;1;0;0;0;0.0;0.0
AYDAKAREN DB SK;1;0;0;0;0.0;0.0
AKİFBERK SK;1;0;0;0;0.0;0.0
REKOR TAY KG K;1;0;0;0;0.0;0.0
YALIN ATEŞ KG SK;1;0;0;0;0.0;0.0
TAMAMMI DEVAMMI KG;1;0;0;0;0.0;0.0
GÖHERBEYİ KG K;1;0;0;0;0.0;0.0
DENİZAĞA KG (Koşmaz);1;0;0;0;0.0;0.0
MUŞUN GÜLÜ KG DB SK (Koşmaz);1;0;0;0;0.0;0.0
