Hipodrom;Kosu_No;Saat;Mesafe;Pist;Cins;Sira;At_Ismi;Yas_Cinsiyet;Orijin;Kilo;Jokey;Sahip;Antrenor;Start_No;HP;Son_6_Yaris;KGS;S20;Ganyan;AGF;Tarih
Bursa;1;14:00;1400;Kum;Handikap;1;WARRIORS PATH;4y d  a;AVERY ISLAND (USA)-WATCH THE STORM/WIN RIVER WIN (USA);63;K.YILMAZ;CİMŞİT YILDIZ;T.ATEŞ;1;59;78-3016;81;19;;;08/05/2026
Bursa;1;14:00;1400;Kum;Handikap;2;MEGA POWER;5y d  a;MENDIP (USA)-CARNA/DIVINE LIGHT* (JPN);61,5;E.AKKAYA;ENGİN KARABULUT;A.ÖZDENİZ;8;55;76336-9;39;11;;;08/05/2026
Bursa;1;14:00;1400;Kum;Handikap;3;GENÇAY NALAN;5y a k;SHERE KHAN-AKYAZILI HANDE/DAI JIN (GB);59,5;R.KETME;CİHAN ERDEM KOPAL;E.TURAN;4;51;50-0811;18;20;;;08/05/2026
Bursa;1;14:00;1400;Kum;Handikap;4;WOODLAND CRY;4y d  a;BLUEGRASS CAT (USA)-TAMIT (IRE)/FASTNET ROCK (AUS);55,5;E.AKPINAR;UĞUR DEMİREL;İ.CANPOLAT;6;44;912453;18;17;;;08/05/2026
Bursa;1;14:00;1400;Kum;Handikap;5;KUMSALIM;5y d k;MYBOYCHARLIE (IRE)-DONT MAKE ME CRY/OKAWANGO (USA);55;H.TURAN;SİNAN AKKUŞ;R.COŞKUN;2;42;074955;18;13;;;08/05/2026
Bursa;1;14:00;1400;Kum;Handikap;6;KING OF THE SEA;5y a  a;BLUEGRASS CAT (USA)-PICKETLINE (USA)/STREET CRY (IRE);53,5;İ.GÜREKE;ENGİN KARABULUT;A.ÖZDENİZ;9DSTercihli Start;39;874968;18;8;;;08/05/2026
Bursa;1;14:00;1400;Kum;Handikap;7;TOLGA REİS;4y d  a;RUN AWAY AND HIDE (USA)-TWIST LADY/WIN RIVER WIN (USA);51,5;Ç.TAŞCI;A.CEYDA FEYZULLAH;C.YILDIRIM;7;36;30-0057;60;13;;;08/05/2026
Bursa;1;14:00;1400;Kum;Handikap;8;KING OF ALİ;4y d  a;TOROK (IRE)-GOLDCHAIN/MENDIP (USA);51;Y.T.AKKAYA;ALİ PASO;S.BAYDAN;3;35;467043;7;14;;;08/05/2026
Bursa;1;14:00;1400;Kum;Handikap;9;PAKSUHAN;4y d  a;KING OF THE SUN-ÇALPARA/LION HEART (USA);50;E.KORKMAZ;MUSTAFA ÖKSÜZ;M.TÜRKOĞLU;5;27;688-907;32;9;;;08/05/2026
Bursa;2;14:30;2200;Cim;Handikap;1;BABA BATTAL;3y d  e;FINESSE-MARWARI/OFFLEE WILD (USA);59;A.MEH.ALTIN;AZİZ BECENE;İ.TURAN;6;53;645-882;14;14;;;08/05/2026
Bursa;2;14:30;2200;Cim;Handikap;2;PRANDELLO;3y a  e;PHOENIX OF SPAIN (IRE)-DANCING D QUEEN (IRE)/CASAMENTO** (IRE);60;M.M.BİLGİN;A.LEVENT DİLMAÇ;İ.ÇAK;2;51;6-56311;14;20;;;08/05/2026
Bursa;2;14:30;2200;Cim;Handikap;3;SON OF SAINT;3y d  e;TIZWAY (USA)-BİDEVİ/GOLDEN SUN;59,5;MAH.TURAN;EREN YILMAZ;T.AVCI;8;50;549615;12;19;;;08/05/2026
Bursa;2;14:30;2200;Cim;Handikap;4;BLACKFYRE;3y d  e;VICTOR LUDORUM (GB)-GAVEA (IRE)/OASIS DREAM (GB);55;N.AVCİ;ŞEYDA ERCAN;A.AKBULUT;3;41;24-0134;14;18;;;08/05/2026
Bursa;2;14:30;2200;Cim;Handikap;5;SKY CHARLIE;3y d  e;MYBOYCHARLIE (IRE)-SKY CAVALRY/LUXOR;54;B.M.MIRIK;KORHAN BERBEROĞLU;Ş.GÜMÜŞ;5;39;51659;13;17;;;08/05/2026
Bursa;2;14:30;2200;Cim;Handikap;6;MY LIFE FIRE;3y d  e;JUNGLE MAN-HOPE/SEA HERO (USA);53,5;O.YILDIZ;İ.SUAT KUTLU;K.ŞENGEL;4;38;0-88231;14;20;;;08/05/2026
Bursa;2;14:30;2200;Cim;Handikap;7;SPECIAL STAR;3y d  d;LUXOR-ASTARMA/KANEKO;50;O.ATMACA;BİRCAN AKGÜN;Ş.GÜMÜŞ;1;20;0846;28;16;;;08/05/2026
Bursa;2;14:30;2200;Cim;Handikap;8;SHARP SWORD;3y d  e;KULOĞLU-BLAZING SPEED/BIN AJWAAD (IRE);50;S.TIRPAN;ONUR TÜRKER;M.ÖZGÜL;7;9;090;7;17;;;08/05/2026
Bursa;3;15:00;2000;Kum;;1;ASLAN SAİM;3y d  e;PAPA CLEM (USA)-NORTHERN SKY/AFTER MARKET (USA);55;M.A.AKGÖBEK;SAİM GÖRMEZ;B.GÖRMEZ;3;39;303243;12;17;;;08/05/2026
Bursa;3;15:00;2000;Kum;;2;AZP STAR;3y d  e;HAKEEM (USA)-MISS TUDOR/VICTORY GALLOP (CAN);58;N.AVCİ;HASAN YAVUZEL;Y.TUNCAY;6;63;194934;14;15;;;08/05/2026
Bursa;3;15:00;2000;Kum;;3;ÇELİK MENGENE;3y a  e;BEST SOLUTION (IRE)-NASHITA (GER)/SHIROCCO (GER);58;M.ÇİÇEK;ERAY HAZAR;M.TÜRKOĞLU;1;67;3-51235;39;17;;;08/05/2026
Bursa;3;15:00;2000;Kum;;4;EGEM;3y d  e;KINOWA-DREAM FAIRY/UNACCOUNTED FOR (USA);54;O.ATMACA;GÖZDE ECE DAĞTEKİN;Y.AKBULUT;5;14;8-96074;54;12;;;08/05/2026
Bursa;3;15:00;2000;Kum;;5;GECE İZ;3y d  d;MENDIP (USA)-MISS DURU/LION HEART (USA);53;Ö.F.ÖZEN;LEVENT ŞENTÜRK;A.R.AYDIN;7;38;409418;7;19;;;08/05/2026
Bursa;3;15:00;2000;Kum;;6;LAKE EAGLE;3y d  e;COOGER-EOLA/EAGLE EYED (USA);54;C.ALTUN;RECAİ NARTER;M.TÜRKOĞLU;2;32;462007;14;13;;;08/05/2026
Bursa;3;15:00;2000;Kum;;7;YILMAKENAN;3y a  e;PAPA CLEM (USA)-KÖREBE/COUNTRY REEL (USA);55;Ç.OK;AYŞE ALTIN;F.TOSUN;4;31;538473;7;15;;;08/05/2026
Bursa;4;15:30;1000;Cim;Maiden;1;I;2y d  e;KLIMT (USA)-ARPELLO/MY GRANDSON (GB);57;O.YILDIZ;İ.SUAT KUTLU;K.ŞENGEL;7;;4;21;19;;;08/05/2026
Bursa;4;15:30;1000;Cim;Maiden;2;SUPER LION;2y d  e;HEP BERABER-BOSENDRA/BOSPORUS (IRE);57;MAH.TURAN;SELİLE ELĞAÇ;AL.ÇİZİK;2;;;;20;;;08/05/2026
Bursa;4;15:30;1000;Cim;Maiden;3;BLUE ROYAL;2y d  d;ROYAL AVSAR (USA)-BLUE FLOWER/INVINCIBLE SON (IRE);55;C.ALTUN;ALİ YILMAZ;HÜS.KARABULUT;9DSTercihli Start;;4;21;19;;;08/05/2026
Bursa;4;15:30;1000;Cim;Maiden;4;ÇORLİ;2y d  d;JUNGLE MAN-MAMBO/MENDIP (USA);55;M.M.BİLGİN;METİN SİVRİ;K.KAYALIK;6;;9;21;19;;;08/05/2026
Bursa;4;15:30;1000;Cim;Maiden;5;GREENLIFE;2y d  d;GENERAL QUARTERS (USA)-SPECTRUM GIRL/EL CORREDOR (USA);52;R.KETME;RAMAZAN YILMAZ;EM.KAYA;4;;6;21;19;;;08/05/2026
Bursa;4;15:30;1000;Cim;Maiden;6;KATSURA;2y d  d;SUPER SAVER (USA)-AYN ZELİHA/AFTER MARKET (USA);55;B.M.MIRIK;FÜSUN KAVRAZLI;H.ÇALIŞKAN;5;;;;20;;;08/05/2026
Bursa;4;15:30;1000;Cim;Maiden;7;KRALİÇE NONİKA;2y d  d;SATONO ARES (JPN)-MASAL KIZIM/GENERAL QUARTERS (USA);55;M.ÇİÇEK;MERAL ÖZSAKCİ;A.R.AYDIN;8;;6;21;19;;;08/05/2026
Bursa;4;15:30;1000;Cim;Maiden;8;LILYHAMMER;2y d  d;AUTHORIZED (IRE)-LILY PASSION (GB)/SEA THE STARS (IRE);54;A.MEH.ALTIN;ÖZGÜR ALPASLAN SÜMER;HÜS.KARABULUT;1;;5;21;19;;;08/05/2026
Bursa;4;15:30;1000;Cim;Maiden;9;PİSA BY PİSANO;2y a  d;VICTOIRE PISA (JPN)-PRINCESS BERYL/YONAGUSKA (USA);55;O.ATMACA;GÖKHAN BİRLİKÇİ;C.YILDIRIM;3;;5;20;19;;;08/05/2026
Bursa;5;16:00;1400;Cim;Handikap;1;GÜZELNİSA;5y a k;GELİBOLU-DİZDARRANA/SANCAKBEYİ;60;E.AKPINAR;YILMAZ TANRISEVER;M.A.KAYA;19DSTercihli Start;60;156777;9;15;;;08/05/2026
Bursa;5;16:00;1400;Cim;Handikap;2;BENDEME;5y d k;SAADIN GÜCÜ-ZENGİN KIZ/ZENGİNOĞLU;59,5;Ö.F.ÖZEN;RECEP DİKKULE;Y.AKKILIÇ;9;57;838577;8;12;;;08/05/2026
Bursa;5;16:00;1400;Cim;Handikap;3;ÖZGÜR ODİN;5y d k;ODİNHAN-ÖZGÜR NAZ/ATAK;59,5;M.A.AKGÖBEK;ABDULLAH KAYA;C.T.KÖSE;5;57;5986-90;8;10;;;08/05/2026
Bursa;5;16:00;1400;Cim;Handikap;4;İDİLYILDIZ;6y a k;KAIZBERT (RU)-UÇANİDİL/İZBATUR;60;MAHS.TURAN;NURİ TURAN;K.TURAN;16;54;41998-0;21;16;;;08/05/2026
Bursa;5;16:00;1400;Cim;Handikap;5;DENİZ ADASI;4y k k;GÜRSU-ADALI KIZ/KAFKAS ŞAHI;57;N.AVCİ;ALİ EMİN;ON.ÖZELCANAT;13;51;14210-5;44;18;;;08/05/2026
Bursa;5;16:00;1400;Cim;Handikap;6;GEWRE;4y a k;TAYKUT-SEDA SULTAN/KAIZBERT (RU);55,5;M.ÇİÇEK;İSKENDER DEMİRCİ;H.DEMİRBAŞ;12;48;3-05103;25;18;;;08/05/2026
Bursa;5;16:00;1400;Cim;Handikap;7;STARCAN;4y a k;AZMİ REİS-LYDIA/BERKSOY;52,5;R.KETME;RECAİ YAVUZ;Y.GÜNDOĞDİ;4;48;5-31008;39;17;;;08/05/2026
Bursa;5;16:00;1400;Cim;Handikap;8;HÜMALI KIZ;4y a k;FATİH AĞA-KÜLÜNÇELİ KIZ/UÇANBEY;55;T.YILDIZ;ABDULLAH ÇİRİK;R.DEMİRDOĞAN;8;47;13310-0;25;18;;;08/05/2026
Bursa;5;16:00;1400;Cim;Handikap;9;ÇİLEK HÜMA;4y a k;AYABAKAN-UZUN TUĞBA/DEMİRKAZIK;54,5;C.ALTUN;YUSUF KAYA;M.A.KAYA;11;46;629004;7;12;;;08/05/2026
Bursa;5;16:00;1400;Cim;Handikap;10;DILDA;6y a k;JOKER-TATLI HABER/HABERBATUR;55;O.YILDIZ;ABDURRAHMAN ALTIN;A.TEMİZER;1;44;64498-0;7;9;;;08/05/2026
Bursa;5;16:00;1400;Cim;Handikap;11;CEMRE ATEŞİ;5y k k;AYABAKAN-AHSENKIZ/TAMERİNOĞLU;54,5;B.M.MIRIK;UFUK MISIRLIOĞLU;F.GEZİCİ;17;43;050999;19;10;;;08/05/2026
Bursa;5;16:00;1400;Cim;Handikap;12;HOŞ ESİNTİ;4y k k;TURBO-SONDEM/HİRATASAN;52,5;A.E.ELMAS;MUSTAFA BAYDAN;S.BAYDAN;10;42;4-08600;7;9;;;08/05/2026
Bursa;5;16:00;1400;Cim;Handikap;13;KOVAN;5y d k;EMBİR HAN-ZEHİREM/HABERBATUR;50;S.GÜLENYÜZLER;OKTAY SEKİN;M.A.KAYA;20DSTercihli Start;34;0-70479;14;11;;;08/05/2026
Bursa;5;16:00;1400;Cim;Handikap;14;AKSU NEHİR;7y a k;ÖZDURAN-AKSU/HÜRBATUR;50;S.TIRPAN;KAYA KAYA;S.AKCI;14;33;760090;25;4;;;08/05/2026
Bursa;5;16:00;1400;Cim;Handikap;15;UGARIT;4y k k;GELİBOLU-ÖZBEYSULTANI/HABERBATUR;52,5;O.ATMACA;HÜSEYİN YER;T.ATEŞ;15;42;537300;180;14;;;08/05/2026
Bursa;5;16:00;1400;Cim;Handikap;16;TATLIÇAĞ;9y a k;ALTAHA-TÜKENMEZ/HÜRBATUR;54;T.ALICI;DİLEK BURAN;R.COŞKUN;2;42;7718-00;7;17;;;08/05/2026
Bursa;5;16:00;1400;Cim;Handikap;17;THORADA;4y a k;THOR-ADANUS/HABERBATUR;51,5;E.BOZDAĞ;ADİL TURAN;K.TURAN;6;40;840-258;14;11;;;08/05/2026
Bursa;5;16:00;1400;Cim;Handikap;18;İLCİN HATUN;6y a k;KAIZBERT (RU)-LAMAZİ/YALAZ;51,5;Ç.TAŞCI;METE ÇELİK;U.GÖKÇE;3;37;8-39507;14;9;;;08/05/2026
Bursa;5;16:00;1400;Cim;Handikap;19;TUĞÇEYİM;5y k k;KURTÇABEY-GECE ATEŞİ/ATEŞTOPU;50,5;E.KORKMAZ;KAYA KAYA;S.AKCI;7;35;509799;9;6;;;08/05/2026
Bursa;5;16:00;1400;Cim;Handikap;20;SÜTLİMAN;4y a k;SONALP-OLGUNSU/ONURKAAN;50;Y.T.AKKAYA;ALİ PASO;S.BAYDAN;18;34;070-908;14;13;;;08/05/2026
Bursa;6;16:30;1400;Kum;KV;1;ALONE WOLF;5y d  a;VICTORY GALLOP (CAN)-BÖRTE/WIN RIVER WIN (USA);58,5;B.M.MIRIK;MEHMET SARP;Ş.AKDUMAN;2;91;112336;18;16;;;08/05/2026
Bursa;6;16:30;1400;Kum;KV;2;BELLICOSO;5y d  a;TIZWAY (USA)-BELLA BANDITA (USA)/DYNAFORMER (USA);58,5;T.ALICI;VOLKAN YOZGATLI;Y.GÜNDOĞDİ;6DSTercihli Start;86;942218;18;19;;;08/05/2026
Bursa;6;16:30;1400;Kum;KV;3;BORN TO RUN;5y d  a;BLUEGRASS CAT (USA)-DISTORTRESS (USA)/DISTORTED HUMOR (USA);58,5;M.ÇİÇEK;BERKE SUNGUR;A.ÖZDENİZ;1;90;1232-21;11;20;;;08/05/2026
Bursa;6;16:30;1400;Kum;KV;4;ŞEN AKYÜZ;7y d  a;POWERSCOURT (GB)-MADENCİKIZI/RED BISHOP (USA);58,5;N.ŞEN;GIYASETTİN ŞEN;U.YOĞURTCU;3;87;344533;18;17;;;08/05/2026
Bursa;6;16:30;1400;Kum;KV;5;ZOLO MUUM;7y d  a;PAPA CLEM (USA)-CONTROLLABLE/AL'S THEATRE (USA);58,5;MAHS.TURAN;ÖMER POLAT;CE.POLAT;4;103;12113-4;15;20;;;08/05/2026
Bursa;6;16:30;1400;Kum;KV;6;SELLY SON;4y d  a;AIR VICE MARSHAL (USA)-SELLY/VICTORY GALLOP (CAN);58;M.M.BİLGİN;ERSİN BAKIR;F.TOSUN;5;92;5-12214;21;19;;;08/05/2026
Bursa;7;17:00;1000;Cim;Maiden;1;ANTIGONIA;2y a  e;KLIMT (USA)-TUĞÇE HANIM/BULLMARKET;57;M.M.BİLGİN;METİN SİVRİ;K.KAYALIK;7;;2;21;19;;;08/05/2026
Bursa;7;17:00;1000;Cim;Maiden;2;HAWK;2y d  e;KANEKO-WYONA (USA)/DECLARATION OF WAR (USA);57;M.ÇİÇEK;İSHAK ŞAHİN;H.SUNKAR;6;;5;17;19;;;08/05/2026
Bursa;7;17:00;1000;Cim;Maiden;3;KÖSTENCELİ BEY;2y d  e;HAKEEM (USA)-ARINA ME/BOSPORUS (IRE);57;T.ALICI;BÜLENT EROL;İ.KIZILDAĞ;3;;5;21;19;;;08/05/2026
Bursa;7;17:00;1000;Cim;Maiden;4;BELLA LUNO;2y d  d;ULAN BATOR-KRALİÇE GÜL/SCARFACE;55;S.ÖZEN;SÜLEYMAN TAŞDEMİR;N.YILDIRIM;9;;7;21;19;;;08/05/2026
Bursa;7;17:00;1000;Cim;Maiden;5;LO SIENTO BB;2y d  d;GOKEN (FR)-PELEKAI (GB)/KODIAC (GB);55;N.AVCİ;İSHAK ŞAHİN;H.SUNKAR;2;;32;12;18;;;08/05/2026
Bursa;7;17:00;1000;Cim;Maiden;6;QOUNTM CAT;2y d  d;KLIMT (USA)-QOUNTM GIRL/MOUNTAIN CAT (USA);54;M.A.AKGÖBEK;SABRİ ALTIN;MUR.ALTIN;4;;;;20;;;08/05/2026
Bursa;7;17:00;1000;Cim;Maiden;7;SUGAR STORM;2y a  d;ANGEL OF DEATH-MY BABY BLUE/DAI JIN (GB);55;O.ATMACA;ÖMER ŞEKER;K.ŞENGEL;5;;8;21;19;;;08/05/2026
Bursa;7;17:00;1000;Cim;Maiden;8;WORKIN LADY;2y d  d;MENDIP (USA)-ANADOLU SULTANI/TOROK (IRE);54;A.MEH.ALTIN;İZZET ALTIN;MUR.ALTIN;8;;2;21;19;;;08/05/2026
Bursa;7;17:00;1000;Cim;Maiden;9;YÜKSEL BAŞKAN;2y d  d;KULOĞLU-LADY CHALLENGER/FASHT ELDEBL (GB);55;N.ŞEN;ULVİ YOĞURTÇU;U.YOĞURTCU;1;;;;20;;;08/05/2026
Bursa;8;17:30;1200;Cim;;1;AKSU HAN;7y k  a;TURBO-ÇİĞDEMABLA/DEMİRKAZIK;54;M.A.AKGÖBEK;AVNİ KAYA;C.T.KÖSE;9;96;5-82273;29;17;;;08/05/2026
Bursa;8;17:30;1200;Cim;;2;ELLİYEDİ;5y k  a;MADRABAZ-ABAKAY/İBOCAN;56;B.M.MIRIK;UĞUR TOKA;S.YANMAZ;13;81;413130;285;18;;;08/05/2026
Bursa;8;17:30;1200;Cim;;3;EMİRENES;7y a  a;UÇANOĞLU-SOLMAZGÜL/RİKARDO;56;N.AVCİ;METİN BİNGÖL;C.T.KÖSE;8;91;81120-0;8;17;;;08/05/2026
Bursa;8;17:30;1200;Cim;;4;KAŞMİR TAY;6y d  a;ONURKAAN-İZSÜREN/İZBATUR;56;O.GÖKÇE;VAHİT ARI;EM.KAYA;6;89;2317-06;7;17;;;08/05/2026
Bursa;8;17:30;1200;Cim;;5;MADEN DAĞI;6y k  a;KURTEL-KUZUM/BERKOŞ;56;MAHS.TURAN;AHMET ALTIN;Y.GÜNDOĞDİ;3;76;0060-00;21;10;;;08/05/2026
Bursa;8;17:30;1200;Cim;;6;MÜKREMİN;5y k  a;SONALP-MALTA KÖŞKÜ/ÖZGÜNHAN;53;R.KETME;İSMAİL ULAŞ;FER.ALTIN;4;71;32319-0;27;18;;;08/05/2026
Bursa;8;17:30;1200;Cim;;7;YEKGEL;5y a  a;GÜRSU-SİMAYCAN/CAŞ;56;O.YILDIZ;MELİS KURTEL EMİN;MEH.DEMİR;17;83;173190;184;18;;;08/05/2026
Bursa;8;17:30;1200;Cim;;8;GİDEROS;7y a k;KAIZBERT (RU)-TAKI/SERTAY;55;T.YILDIZ;CİMŞİT YILDIZ;U.GÖKÇE;5;84;757176;144;18;;;08/05/2026
Bursa;8;17:30;1200;Cim;;9;MÜZEYYEN ABLA;5y a k;EMBİR HAN-GÜLATEŞİ/ANADOLU ATEŞİ;54;F.KARAKURT;D.DENİZ KANAR;S.BAYDAN;10;84;50-0764;7;14;;;08/05/2026
Bursa;8;17:30;1200;Cim;;10;TARÇINKIZ;5y k k;ÖZHABER-KURUŞUN KIZI/TAMERİNOĞLU;54;M.M.BİLGİN;HALİL ÖZTÜRK;M.A.TURAN;2;82;64237-3;21;16;;;08/05/2026
Bursa;8;17:30;1200;Cim;;11;MOĞOLOĞLU;6y d  a;GÜRSU-MOĞOLGÜLÜ/SÜLO;56;T.ALICI;SEMA ULAŞ;M.U.TURAN;14;68;718099;190;16;;;08/05/2026
Bursa;8;17:30;1200;Cim;;12;ZIMBA GİBİ;4y a  a;BUMBAİ-BERKTEK/TEKELİOĞLU;53;İ.GÜREKE;CUMA TUMBUL;İ.TURAN;1;39;1-44367;28;15;;;08/05/2026
Bursa;8;17:30;1200;Cim;;13;ALTIN DOST;4y a  a;GÜMBÜRGÜMBÜR-ALTINARMAĞAN/ARATBEY;53;K.YILMAZ;ULAŞ YILDIZ;SEN.GÖKÇE;7;45;538-009;7;13;;;08/05/2026
Bursa;8;17:30;1200;Cim;;14;TOLSTOY;5y k  a;AYABAKAN-MENŞURE/SÜLO;56;E.BOZDAĞ;CEM ÖZBELGE;T.İBİŞ;11;39;17-0566;58;15;;;08/05/2026
Bursa;8;17:30;1200;Cim;;15;BANDIRMALI;7y a  a;AYABAKAN-OLGU/SAKARYA;52;Y.T.AKKAYA;KADRİYE DEMİR;S.BAYDAN;16;58;64138-0;21;17;;;08/05/2026
Bursa;8;17:30;1200;Cim;;16;NUSRAT ETKİSİ;6y k  a;TURBO-DENİZBOZAN/İBOCAN;56;C.ALTUN;SUDE DEMİREL;Y.GÜNDOĞDİ;15;75;642-768;93;14;;;08/05/2026
Bursa;8;17:30;1200;Cim;;17;VİZİGOT;8y k  a;KAIZBERT (RU)-SORKUN KIZ/HABERBATUR;56;O.BALKAN;MERT ÇELİK;U.GÖKÇE;12;83;643708;376;12;;;08/05/2026
Bursa;9;18:00;1500;Cim;Handikap;1;KAYAŞAH;4y k  a;AYTİGİN HAN-İZMİRGÜLÜ/DAĞHANBEY;58;R.KETME;KAYA KAYA;S.AKCI;14;48;255043;8;16;;;08/05/2026
Bursa;9;18:00;1500;Cim;Handikap;2;HARPUT MUHAFIZI;4y d  a;GELİBOLU-SEYHATÇI/TIGRES LIGHT (US);58,5;A.MEH.ALTIN;ERKUT ŞAHİN;U.YOĞURTCU;17;47;715458;19;16;;;08/05/2026
Bursa;9;18:00;1500;Cim;Handikap;3;GÜLALP KIZI;4y a k;BESLENEY-AZMİYE SULTAN/CAŞ;57;A.E.ELMAS;SUAT BAYBURAN;E.TURAN;9;46;374435;5;17;;;08/05/2026
Bursa;9;18:00;1500;Cim;Handikap;4;TEKÖMER;4y k  a;PARPALİ-ŞAHAP/ÖZGÜNHAN;57;E.AKPINAR;SEMA ULAŞ;MEH.DEMİR;20DSTercihli Start;46;311698;25;17;;;08/05/2026
Bursa;9;18:00;1500;Cim;Handikap;5;ALSAKİB;4y a  a;GELİBOLU-CANBANU/GÜRGÖKÇE;56,5;O.BALKAN;MAHMUT ZAMAN;U.GÖKÇE;16;45;063238;7;14;;;08/05/2026
Bursa;9;18:00;1500;Cim;Handikap;6;DEMİRYİĞİT;4y a  a;AYABAKAN-YOLAŞAN/ŞÖVALYE;58,5;C.ALTUN;HAKAN KAVÇİN;A.R.AYDIN;1;43;3-66042;7;12;;;08/05/2026
Bursa;9;18:00;1500;Cim;Handikap;7;ÇUKUROVA EFESİ;4y a  a;BERKSOY-HABERTAY/ÖZHABER;58;K.TOKAÇOĞLU;EYÜP ERDEMİR;Y.AKBULUT;13;42;421263;7;17;;;08/05/2026
Bursa;9;18:00;1500;Cim;Handikap;8;GÜRCEYHUN;4y k  a;GÜRSU-SİCİLYALI/CAŞ;58;M.M.BİLGİN;BERKCAN KESTEL;U.YOĞURTCU;15;42;395435;34;17;;;08/05/2026
Bursa;9;18:00;1500;Cim;Handikap;9;SANCAR EFESİ;4y a  a;MADRABAZ-NİNOŞ/ÇELEBİ.1;58;O.YILDIZ;İ.SUAT KUTLU;K.ŞENGEL;11;42;365748;7;14;;;08/05/2026
Bursa;9;18:00;1500;Cim;Handikap;10;ÇAĞDAŞIM;4y a  a;ORÇUN-TÜKENMEZ/HÜRBATUR;54;H.TURAN;İSLİM TURAN;K.TURAN;10;34;65007-0;109;13;;;08/05/2026
Bursa;9;18:00;1500;Cim;Handikap;11;NEFESİMOL;4y k k;GÜNTAY-GÜLFEM/YELGEÇEN;54;B.M.MIRIK;SAİM GÖRMEZ;B.GÖRMEZ;8;34;570620;14;10;;;08/05/2026
Bursa;9;18:00;1500;Cim;Handikap;12;YILDIZ SULTAN;4y a k;DİLİRAN-ERVA SULTAN/ÖZHABER;54;O.EREN;MURAT CAN;H.KURT;7;34;700-888;43;14;;;08/05/2026
Bursa;9;18:00;1500;Cim;Handikap;13;KUZGUNLAR;4y k k;ARHANBEY-SHAMAN/TUNCAL;50;Y.T.AKKAYA;MEHMET ALTIN;E.TURAN;6;13;8570;21;16;;;08/05/2026
Bursa;9;18:00;1500;Cim;Handikap;14;ÇAKAL ABİ;4y a  a;SAKARBAŞI-KENDAL KIZI/SANCAKBEYİ;58;O.GÖKÇE;CELAL DEMİR;K.ŞENGEL;3;42;57265-0;116;14;;;08/05/2026
Bursa;9;18:00;1500;Cim;Handikap;15;DERMANCAN;4y d  a;SERDÜMEN-BERRACAN/KIVANÇ CAN;57;MAH.TURAN;MURAT KINAY;A.R.YILDIZ;4;40;857455;7;16;;;08/05/2026
Bursa;9;18:00;1500;Cim;Handikap;16;GENÇYÜREK;4y k  a;COŞARTAY-ÖZGÖKÇE/CAŞ;55;Ö.F.ÖZEN;FATMA YONCA KADI;Y.ÖZTAŞ;12;40;336441;11;20;;;08/05/2026
Bursa;9;18:00;1500;Cim;Handikap;17;BABAGÜNTAY;4y k  a;GÜNTAY-ŞİFASULTAN/RİKARDO;57;MAHS.TURAN;RAMAZAN TUMBUL;T.ATEŞ;19DSTercihli Start;40;451827;25;17;;;08/05/2026
Bursa;9;18:00;1500;Cim;Handikap;18;LUNA;4y k k;YILMABAŞAR-MAHSİMA/TURBO;55;M.A.AKGÖBEK;MELİKE ÇELİK;S.AKCI;5;40;195622;14;19;;;08/05/2026
Bursa;9;18:00;1500;Cim;Handikap;19;DAĞLARKAYA;4y a  a;THOR-OYMAPINAR/TAMERİNOĞLU;57;O.ATMACA;ABDULLAH ÇİRİK;R.DEMİRDOĞAN;18;40;3-07055;43;14;;;08/05/2026
Bursa;9;18:00;1500;Cim;Handikap;20;KIZIL KUYRUK;4y k  a;SONALP-ŞEKERPINAR/BİLGİN;56,5;T.YILDIZ;TÜRKAN ALTIN;FER.ALTIN;2;39;365169;14;18;;;08/05/2026
İstanbul;1;17:15;1200;Cim;Handikap;1;KAREEM BUGHRA;3y d  e;TIZWAY (USA)-STELLA ROSSA (IRE)/KEY OF LUCK (USA);58;U.LEVENT;MURAT ÖZENÇ;H.ALTUNBAŞ;10DSTercihli Start;56;732281;17;20;;;08/05/2026
İstanbul;1;17:15;1200;Cim;Handikap;2;KRAL;3y d  e;BODEMEISTER (USA)-STEEL CAT/MOUNTAIN CAT (USA);57;B.ÇETİN;TAHİR ÇELİK;A.TEKDEMİR;9;54;156216;9;19;;;08/05/2026
İstanbul;1;17:15;1200;Cim;Handikap;3;CHOSEN ONE;3y a  e;CRIMEAN TATAR-GOLDEN RATIO/TORUK MACTO (IRE);58,5;A.KURŞUN;SERVET KAZANKAYA;T.YILMAZ;7;51;158222;14;19;;;08/05/2026
İstanbul;1;17:15;1200;Cim;Handikap;4;IRON CLEM;3y d  g;PAPA CLEM (USA)-DEMİRSU/SEA HERO (USA);57;H.KARATAŞ;İLHAN KAPUSIZ;G.SÜTCÜ;5;48;67-0635;21;13;;;08/05/2026
İstanbul;1;17:15;1200;Cim;Handikap;5;WEEPING SONG;3y d  d;NATIVE KHAN (FR)-WHITE LILY/SHINING WOLF;55,5;A.SÖZEN;V.İBRAHİM ARACI;E.USLU;6;45;16-8;111;18;;;08/05/2026
İstanbul;1;17:15;1200;Cim;Handikap;6;PRENS EGE;3y d  e;KLIMT (USA)-TİKİ TAKA/OUTSTRIP (GB);55;A.YILDIZ;AYDIN ÜSTÜNDAĞ;E.USLU;4;44;1-74;16;18;;;08/05/2026
İstanbul;1;17:15;1200;Cim;Handikap;7;SKY CRUISE;3y d  e;GÜNGÖR BABA-GABRIEL/SHINING WOLF;54;M.S.ÇELİK;EYYÜP AYDINLIKTA;SEN.ŞEN;1;42;719423;14;16;;;08/05/2026
İstanbul;1;17:15;1200;Cim;Handikap;8;SHADOW;3y d  e;LUXOR-SOLO GİTAR/TOROK (IRE);52;E.AKTUĞ;SİNAN AKKUŞ;A.ÖCAL;8;38;5516;14;19;;;08/05/2026
İstanbul;1;17:15;1200;Cim;Handikap;9;GLONASS;3y d  e;RULER OF THE WORLD (IRE)-DANDY STORY (IRE)/DANDY MAN (IRE);51;A.ASLAN;ENDER COŞGUNSU;GÜV.GÖKÇE;2;36;635228;7;18;;;08/05/2026
İstanbul;1;17:15;1200;Cim;Handikap;10;WILDBERRY;3y a  d;TOUCH THE WOLF-MASMAVİ/LION HEART (USA);50;R.YILDIZ;ENDER COŞGUNSU;GÜV.GÖKÇE;3;10;0009;30;16;;;08/05/2026
İstanbul;2;17:45;800;Cim;Maiden;1;KING;2y d  e;MENDIP (USA)-MONTA TAMARA/LUXOR;57;H.ÇİZİK;SELÇUK ACAR;Ö.GÜNELİ;7;;3;21;19;;;08/05/2026
İstanbul;2;17:45;800;Cim;Maiden;2;LEONTES;2y d  e;BODEMEISTER (USA)-AMETİST/POWERSCOURT (GB);57;M.KAYA;SELİN ERDEMİRCİ;MUR.AKKILIÇ;6;;6;21;19;;;08/05/2026
İstanbul;2;17:45;800;Cim;Maiden;3;RAZENOID;2y d  e;BATTLEGROUND (USA)-KARATECİ EYLÜL/CARDINAL PIONEER;57;E.AKTUĞ;EBRU KARGIN;TU.TURAN;5;;7;21;19;;;08/05/2026
İstanbul;2;17:45;800;Cim;Maiden;4;SHAO KAHN;2y a  e;NATIVE KHAN (FR)-İREM SU/LION HEART (USA);57;A.KURŞUN;FAKİ ARDA ÖZLEN;İB.B.OĞULLARI;8;;;;20;;;08/05/2026
İstanbul;2;17:45;800;Cim;Maiden;5;SOLID TIME;2y d  e;AUTHORIZED (IRE)-KATSUYA/KANEKO;57;O.AKGÖNÜL;SEMİH KATI;MER.KORKMAZ;4;;;;20;;;08/05/2026
İstanbul;2;17:45;800;Cim;Maiden;6;SECRET;2y d  d;SATONO ARES (JPN)-UMAY/AKINDAYIM (IRE);55;M.S.ÇELİK;ENGİN ATEŞLER;BAY.GÜL;1;;;;20;;;08/05/2026
İstanbul;2;17:45;800;Cim;Maiden;7;SPEED QUEEN;2y d  d;KANEKO-HOPEFUL/PLEASANTLY PERFECT (USA);55;A.YILDIZ;GÜLİZAR YANIK;M.DOLAK;3;;2;21;19;;;08/05/2026
İstanbul;2;17:45;800;Cim;Maiden;8;VICTORY;2y d  d;TIZWAY (USA)-EASY COME EASY GO/MOUNTAIN CAT (USA);55;E.ÇİZİK;BÜLENT DEMİR;H.DOLMAZ;2;;3;12;19;;;08/05/2026
İstanbul;3;18:30;1900;Cim;;1;MASTERPIECE;5y d  g;ZARAK* (FR)-FALABALA (GB)/NAYEF (USA);59;Ö.YILDIRIM;ALİ RIZA ÇELİKOĞLU;U.BİLİK;4;97;4613-41;14;20;;;08/05/2026
İstanbul;3;18:30;1900;Cim;;2;ALYCONE;6y d  a;SCARFACE-PETIT KURT (IRE)/FASTNET ROCK (AUS);57;A.KURŞUN;Y.ERKUT ERSEVER;C.TURAN;2;95;53306-5;14;15;;;08/05/2026
İstanbul;3;18:30;1900;Cim;;3;HARDOLD;5y d  a;TOROK (IRE)-WENONA/LION HEART (USA);57;E.AKTUĞ;HARUN KAHRAMAN;C.TURAN;5;89;079169;12;18;;;08/05/2026
İstanbul;3;18:30;1900;Cim;;4;MISTER PROTEO;6y a  a;THREE VALLEYS (USA)-STELLA MIA/UNACCOUNTED FOR (USA);57;A.SÖZEN;HAKAN S. ÖZCAN;B.KAÇMAZ;1;89;13218-3;118;18;;;08/05/2026
İstanbul;3;18:30;1900;Cim;;5;ESCAPE PATH;4y a  a;EUPRHATES (USA)-BAHTIYARLI/TOROK (IRE);56;H.KARATAŞ;MAHMUT CANLIKA;MAH.BAYKARA;6;94;2357-24;14;16;;;08/05/2026
İstanbul;3;18:30;1900;Cim;;6;VAHŞİ;4y a  a;BAWIKAL-QUENN LALA/DR FONG (USA);56;B.BEKTAŞ;MAHMUT CANLIKA;MAH.BAYKARA;3;55;35-0006;14;12;;;08/05/2026
İstanbul;4;19:00;1200;;Handikap;1;SANPMAN;5y a  a;ARTOS-TEK DİŞİ/GOBAKBEY;60;M.BAĞ;HALİL YILDIZ;AT.GÖKÇE;9;75;000062;14;9;;;08/05/2026
İstanbul;4;19:00;1200;;Handikap;2;GÜROBASI;7y k  a;AYABAKAN-KIZILGÜNEŞ/TAMERİNOĞLU;61,5;A.YILDIZ;SUAT BAYBURAN;T.BİRİCİK;8;72;463650;5;13;;;08/05/2026
İstanbul;4;19:00;1200;;Handikap;3;CEMHAN;4y a  a;BAŞ HÜKÜMDAR-TUTKUMUZ/KIRIMHAN;60;H.KARATAŞ;CEM KARTAL;F.GÖNÜLTAŞ;10DSTercihli Start;71;4-65119;21;19;;;08/05/2026
İstanbul;4;19:00;1200;;Handikap;4;MEHMETGİLLER;4y k  a;ARTOS-SÖNMEZ ATEŞ/EMİROĞLU;59,5;A.ÇELİK;İSMET TEKİNALP;İS.TEKİNALP;6;70;133-704;12;15;;;08/05/2026
İstanbul;4;19:00;1200;;Handikap;5;BÜYÜK MACELAN;5y a  a;ÖZGÜNHAN-NECİBE/HİSARHAN;60;E.AKTUĞ;GÖKHAN ALVEROĞLU;Y.DEMİRKIRAN;3;69;110-080;10;16;;;08/05/2026
İstanbul;4;19:00;1200;;Handikap;6;MİRZA BEY;5y a  a;ONURKAANIM-ÖZLENEN GÜL/ÖZLENENTAY;59;M.S.ÇELİK;HÜSEYİN KÖKLÜ;HAS.ALTUNBAŞ;7;67;3-23535;14;17;;;08/05/2026
İstanbul;4;19:00;1200;;Handikap;7;KÜÇÜK MİRZA;5y a  a;HABERKAN-CANAN KIZI/EVREN.1;55;İ.AKIN;SEFER ÜNLÜ;MAH.BAYKARA;5;65;81147-0;27;17;;;08/05/2026
İstanbul;4;19:00;1200;;Handikap;8;ATARTAY;4y a  a;TAYKUT-KIYMET HANIM/TOŞUR;50;Y.Ş.GÜMÜŞ;F. NİHAT BURUK;T.YILMAZ;2;46;578167;5;18;;;08/05/2026
İstanbul;4;19:00;1200;;Handikap;9;DURUSU BEYİ;5y a  a;DİLİRAN-ALAKIZ/SARUHANAĞA;50;S.AKBULAT;ARDA TEMUÇİN;Z.TEMUÇİN;1;43;55255-8;16;16;;;08/05/2026
İstanbul;4;19:00;1200;;Handikap;10;ZEMBEREK;5y a  a;DİLİRAN-TUNÇKANAT/ODİNHAN;50;HAK.YILDIZ;FATİH HAYIRLIOĞLU;Y.DEMİRKIRAN;4;42;707724;16;12;;;08/05/2026
İstanbul;5;19:30;1300;;;1;ÇOKOMEL;3y d  d;BATTLEGROUND (USA)-EDINBURGH/PRESSING (IRE);58;A.KURŞUN;SONER SÖKMEN;C.TURAN;5;61;481411;9;20;;;08/05/2026
İstanbul;5;19:30;1300;;;2;DAELLA;3y d  d;ROMANISED (IRE)-TRULLY BLESSED (FR)/STREET SENSE* (USA);58;S.KAYA;ŞEYDA ERCAN;A.TEPEBAŞI;3;67;181226;21;18;;;08/05/2026
İstanbul;5;19:30;1300;;;3;HAMA DESTINATION;3y d  d;TOROK (IRE)-MILADY (GB)/SHAMARDAL (USA);55;A.SÖZEN;SOLAIMAN IRHAIM;Y.ARHIM;6;56;527120;21;18;;;08/05/2026
İstanbul;5;19:30;1300;;;4;AGATHA;3y d  d;TOROK (IRE)-AMEILA/KANEKO;54;A.YILDIZ;YÜKSEL GÖKTÜRK;H.BOYRAZ;1;80;1313;224;19;;;08/05/2026
İstanbul;5;19:30;1300;;;5;LAGUNA;3y d  d;TILSIT (USA)-LAGUNA/WIN RIVER WIN (USA);54;E.AKTUĞ;ENİS EMRE GELGİN;A.KÜÇÜKAKSOY;7DSTercihli Start;39;745-169;48;18;;;08/05/2026
İstanbul;5;19:30;1300;;;6;LEVERO;3y k  d;NATIVE KHAN (FR)-SOUL SILVER (IRE)/DRAGON PULSE* (IRE);54;M.S.ÇELİK;V.İBRAHİM ARACI;C.AKGÜL;2;42;1;84;20;;;08/05/2026
İstanbul;5;19:30;1300;;;7;VICTORY LANE;3y d  d;VICTORY GALLOP (CAN)-CANYAKAR (IRE)/INTENSE FOCUS (USA);54;H.KARATAŞ;BARAN D. CEMİLOĞLU;H.HARMANBAŞI;4;50;173-602;16;15;;;08/05/2026
İstanbul;6;20:00;2100;;KV;1;RÜZGARDAHAN;7y k  a;YAKUPBEY-ÇIĞIRTKAN/HALİD;63;S.KAYA;ŞEYDA ERCAN;A.TEPEBAŞI;6;102;231116;47;20;;;08/05/2026
İstanbul;6;20:00;2100;;KV;2;KENT RÜZGARI;5y a  a;HABERKAN-ŞUBATINKIZI/ŞENTAY;62;A.KURŞUN;MUSTAFA ŞEFKAT;M.ŞEFKAT;1;96;111220;8;18;;;08/05/2026
İstanbul;6;20:00;2100;;KV;3;AKBELHAN;5y a  a;BESLENEY-YETENEKLİ/AYABAKAN;60;E.AKTUĞ;İBRAHİM YALÇIN;H.HARMANBAŞI;7;80;358722;7;19;;;08/05/2026
İstanbul;6;20:00;2100;;KV;4;DAŞ FATİH;5y k  a;TAMERİNOĞLU-SEVNUR/AĞA KARACA;60;A.YILDIZ;SERKAN YILDIZHAN;Y.DEMİRKIRAN;3;99;6-11636;5;20;;;08/05/2026
İstanbul;6;20:00;2100;;KV;5;JAFAR;6y k  a;KURTEL-ÇEVİKNAZ/ÖZGÜNHAN;60;H.ÇİZİK;ABDİ ARSLAN;R.SUNA;2;94;002853;5;12;;;08/05/2026
İstanbul;6;20:00;2100;;KV;6;KARİZMATİK;6y k  a;ÖZHABER-ÇALIÇİÇEĞİ/ALTAHA;60;A.SÖZEN;MEHMET ALİ AKDAĞ;H.DURMUŞ;4;99;441217;5;19;;;08/05/2026
İstanbul;6;20:00;2100;;KV;7;PLATFORM;5y k  a;ÖZGÜNHAN-ANCELİNA/SAĞANAK;60;A.ÇELİK;AHMET ŞAHİN;İ.ÇEÇAN;8DSTercihli Start;93;356-030;13;14;;;08/05/2026
İstanbul;6;20:00;2100;;KV;8;YENİBEY;4y d  a;TAYKUT-KARABELGİN/BİLGİN;57,5;H.KARATAŞ;AYŞEGÜL HAYMANA;GÖK.GÖKÇE;5;85;116121;13;20;;;08/05/2026
İstanbul;7;20:30;2100;;KV;1;ASMAR;5y d  a;TOROK (IRE)-ELMASTÜTÜN/UNACCOUNTED FOR (USA);59,5;H.KARATAŞ;ARZU ÖZDEMİR;ORK.ÖZELCANAT;7DSTercihli Start;97;464-133;41;18;;;08/05/2026
İstanbul;7;20:30;2100;;KV;2;BİKATİ;7y d  a;MENDIP (USA)-LADY CHARA/ROYAL ABJAR (USA);59,5;A.ÇELİK;DEMİRHAN YILMAZ;S.BEKTAŞ;4DSTercihli Start;85;415423;30;17;;;08/05/2026
İstanbul;7;20:30;2100;;KV;3;ADDRESS;4y a  a;RUN AWAY AND HIDE (USA)-MUNKHBAT/EL CORREDOR (USA);58;A.KURŞUN;FERHAN YETİŞ;N.DÜNDAR;8DSTercihli Start;93;32-2111;28;20;;;08/05/2026
İstanbul;7;20:30;2100;;KV;4;DATABASE;4y d  a;SUPER SAVER (USA)-YEŞİLMİŞİK/UNACCOUNTED FOR (USA);58;Ö.YILDIRIM;EMRAH AGUN;İB.B.OĞULLARI;6DSTercihli Start;96;31694-5;57;16;;;08/05/2026
İstanbul;7;20:30;2100;;KV;5;LUCERYS;4y d  a;INTELLO (GER)-UMNEEYATEE (AUS)/ENCOSTA DE LAGO (AUS);58;S.KAYA;ŞEYDA ERCAN;A.TEPEBAŞI;5DSTercihli Start;89;26-4211;30;20;;;08/05/2026
İstanbul;7;20:30;2100;;KV;6;PYTHAGOREAN THEORY;4y d  a;TOROK (IRE)-GONDOR/UNACCOUNTED FOR (USA);58;A.YILDIZ;MURAT KAYA;B.AKBULUT;1;96;31-2143;19;18;;;08/05/2026
İstanbul;7;20:30;2100;;KV;7;STAR BLOOD;4y d  a;SMART ROBIN (JPN)-MERZUKA/LION HEART (USA);58;H.ÇİZİK;MEHMET TURNA;E.KARAKÖLEOĞLU;2;76;262-521;16;20;;;08/05/2026
İstanbul;7;20:30;2100;;KV;8;TREASURE ISLAND;4y d  a;AVERY ISLAND (USA)-LOYAL ONE/LION HEART (USA);58;M.S.ÇELİK;CEM ÖZBELGE;İ.TEMEL;3DSTercihli Start;100;0-65737;33;20;;;08/05/2026
İstanbul;8;21:00;800;Cim;Maiden;1;AKALA;2y d  e;ELARQAM (GB)-RIVER OF LOVE/WIN RIVER WIN (USA);57;A.YILDIZ;H.TURGUT ALAKUŞ;T.ŞİT;4;;;;20;;;08/05/2026
İstanbul;8;21:00;800;Cim;Maiden;2;ELSENORDELOSCIELOS;2y d  e;AUTHORIZED (IRE)-GOLD DUST WOMAN (USA)/DISTORTED HUMOR (USA);57;M.S.ÇELİK;İSHAK ŞAHİN;M.DOLAK;3;;3;21;19;;;08/05/2026
İstanbul;8;21:00;800;Cim;Maiden;3;MY;2y d  e;RHYTHM DIVINE-NEOTRIC/FASTNET ROCK (AUS);57;A.KURŞUN;SUAT YILDIZ;C.TURAN;5;;;;20;;;08/05/2026
İstanbul;8;21:00;800;Cim;Maiden;4;RED VICTORY;2y a  e;AGRESIVO (USA)-FATO ANA/BOSPORUS (IRE);57;M.KAYA;REZZAN ÇELİK;A.AVCI;1;;;;20;;;08/05/2026
İstanbul;8;21:00;800;Cim;Maiden;5;ADDISON;2y d  d;AYRTON-MY BIG DREAM/CAPTAIN RIO (GB);55;H.ÇİZİK;MEHMET NUR BECENE;S.BECENE;6;;4;21;19;;;08/05/2026
İstanbul;8;21:00;800;Cim;Maiden;6;ART;2y d  d;APPROVE (IRE)-SARAYLIM/EL CORREDOR (USA);55;G.ÖZÇELİK;CAN ÇAĞRI;GÖK.GÖKÇE;7;;2;21;19;;;08/05/2026
İstanbul;8;21:00;800;Cim;Maiden;7;EASY ON ME;2y a  d;KUZEY KAFKASYALI-SHIBUYA/OCEAN CREST (USA);55;A.ÇELİK;MEHMET ALİ KATI;M.DOLAK;2;;4;12;19;;;08/05/2026
İstanbul;9;21:30;1400;Cim;;1;ŞİMŞEK YELELİ;4y k k;TURBO-TACİSERİM/AYABAKAN;60;A.SÖZEN;SOLAIMAN IRHAIM;Y.ARHIM;9;66;206412;14;19;;;08/05/2026
İstanbul;9;21:30;1400;Cim;;2;KIR;4y a k;KARAÜZÜM-KUMBAĞGÜLÜ/ADANIR;58;M.KAYA;MEHMET KAYA;E.USLU;5;65;411682;9;17;;;08/05/2026
İstanbul;9;21:30;1400;Cim;;3;MEVHİDE HANIM;4y k k;TAMERİNOĞLU-SEVİYE/HABERBATUR;56;HAK.YILDIZ;SUNA ALTINYAPRAK;G.TAŞDELEN;1;39;351386;9;17;;;08/05/2026
İstanbul;9;21:30;1400;Cim;;4;SAKIZ;4y a k;GÜMBÜRGÜMBÜR-ÖZGEYEL/TURBO;56;A.KURŞUN;ERSİN ERDEM;C.TURAN;16DSTercihli Start;64;081530;14;17;;;08/05/2026
İstanbul;9;21:30;1400;Cim;;5;BOLGA;4y a k;UÇANBEY-YİĞİT KIZ/EMİROĞLU;55;A.ÇELİK;V.HAKAN KELEŞ;MUR.AKKILIÇ;3;40;3-100;14;18;;;08/05/2026
İstanbul;9;21:30;1400;Cim;;6;UÇAN ILGIN;4y a k;UÇANOĞLU-ILGININ KIZI/ANADOLU ATEŞİ;55;B.BEKTAŞ;MEHMET EMİN DEMİRKAPU;MAH.BAYKARA;7;31;621537;24;17;;;08/05/2026
İstanbul;9;21:30;1400;Cim;;7;ADİLE HANIM;4y a k;FATİH AĞA-GÖNÜLGÜZELİ/TURBO;51;M.A.ALTUNDAĞ;MEHMET UÇAR;Y.UÇAR;10;50;169-806;27;15;;;08/05/2026
İstanbul;9;21:30;1400;Cim;;8;AL SEHER;4y a k;KAMAN-OCAKBİR/ÖZGÜNHAN;54;G.ÖZÇELİK;DEMİRHAN YILMAZ;S.BEKTAŞ;11;45;736235;9;16;;;08/05/2026
İstanbul;9;21:30;1400;Cim;;9;CABİRE SULTAN;4y k k;GÜMBÜRGÜMBÜR-ZAZU/TAMERİNOĞLU;54;E.AKTUĞ;MUSTAFA YAVUZ PAŞAOĞLU;T.ŞİT;15DSTercihli Start;45;7-30558;14;10;;;08/05/2026
İstanbul;9;21:30;1400;Cim;;10;KARBİR;4y d k;AYABAKAN-PRENSES MONTANA/DEHA;52;Z.KARABULUT;MUSTAFA KAPLAN;Ö.GÜNELİ;14;37;084700;14;14;;;08/05/2026
İstanbul;9;21:30;1400;Cim;;11;KIZIM ATİK;4y k k;BAŞ HÜKÜMDAR-KIZIM DİDEM/KAYAYÜREKLİ;54;E.ÇİZİK;MEHMET EMİN DEMİRKAPU;MAH.BAYKARA;2;41;325040;14;15;;;08/05/2026
İstanbul;9;21:30;1400;Cim;;12;GÖK MİLA;4y k k;KURTÇABEY-BAHTIEVER/ANKA;54;B.ÇETİN;MEHMET NAİM;GÜV.GÖKÇE;8;39;084318;132;19;;;08/05/2026
İstanbul;9;21:30;1400;Cim;;13;ÇİĞDEMİN DENİZİ;4y d k;AYABAKAN-GÜNSARAY/ALTAHA;54;H.ÇİZİK;İZZET BOZKURT;S.KERESTECİ;13;38;1-08005;14;15;;;08/05/2026
İstanbul;9;21:30;1400;Cim;;14;HÜRHANA;4y a k;GÜMBÜRGÜMBÜR-SARI HANDAN/ÖZHABER;54;BERK.GÖKÇE;ALİ NASIROĞLU;M.DEMİRTAŞ;12;28;8-46400;17;13;;;08/05/2026
İstanbul;9;21:30;1400;Cim;;15;CİLVELOY;4y a k;TURBO-TOSGÜL/ODİNHAN;54;A.ASLAN;ONUR OKAN TOPALOĞLU;MAH.BAYKARA;4;34;005000;28;9;;;08/05/2026
İstanbul;9;21:30;1400;Cim;;16;ÇELİKBENGÜ;4y k k;BİÇER-AHUSEL/DEVİRHAN;50;R.YILDIZ;AKIN DEMİR;E.KOCA;6;18;09-9578;46;12;;;08/05/2026
